userId,avg_Drama,avg_Comedy,avg_Action,avg_Thriller,avg_Adventure,avg_Romance,avg_Crime,avg_Sci-Fi,avg_Fantasy,avg_Children,avg_Mystery,avg_Horror,avg_Animation,avg_War,avg_Musical,avg_IMAX,avg_Western,avg_Documentary,avg_Film-Noir
1,2.57,2,2.8,2.83,2.17,3.5,2.5,2.4,2.12,2.5,0,3,2,2,3,0,3,0,0
2,3.62,3.09,3.32,3.33,3.75,3.59,3.67,3.8,3.4,3.5,4,3.5,3.67,3.8,3.75,4,5,0,0
3,3.92,3.61,3.47,3.55,3.3,3.65,3.7,3.14,3,2.7,3.75,3.38,2.88,4.17,2.5,2.88,4,3.67,0
4,4.46,4.33,4.27,4.02,4.34,4.5,4.16,4.26,4.57,4.63,4.09,3.94,4.71,4.75,4.83,5,3,4,5
5,3.81,3.98,4,3.62,3.82,4.08,3.45,4,3.75,3.89,3.33,3.88,3.9,4,4.25,4,0,3.67,0
6,3.55,2.91,3.27,2.72,3.73,2.9,3.5,2.75,3.69,3.2,2.83,3.33,3.5,4.17,3,3.75,0,0,0
7,3.52,3.54,3.29,3,3.66,2.93,3.64,3.36,3.31,3.79,2.5,2.5,4.08,3.6,3.5,3,2.5,0,0
8,3.77,3.8,3.97,4.08,3.86,3.72,4.2,4.04,3.5,3.5,4.31,3.86,3.5,4.08,3.5,4,0,3,3.5
9,4,3.71,3.25,3.6,3.17,3.88,3.89,4.25,3.6,3,3.5,4,3.33,3.67,4,0,0,0,0
10,4.07,3.58,3.67,3.5,3.92,3.86,3.57,3.88,4.5,0,3.75,3.43,0,4,3,0,2,0,0
11,4.13,3.7,4.19,4.03,4.27,4.5,4.29,4.62,4,3.5,4.4,2,0,4.5,0,4.42,5,3.92,4
12,2.76,2.71,3.21,3.5,2.6,2.89,3.25,2.62,2,1.4,3.33,3.75,1.5,0,2.67,0,2.5,5,0
13,3.96,3.57,3.75,3.25,3.85,3.9,3.94,3.58,3.82,3.88,3.62,3,4,4.4,3.67,4.1,3.17,0,0
14,2,3,2.86,3,3.12,3,0,3.43,2.75,2.75,0,0,2.8,0,2,0,0,0,0
15,2.72,2.54,2.48,2.61,2.47,2.61,2.74,2.51,2.15,2.11,2.7,2.37,2.32,2.62,2.3,2.33,2.6,3.13,3.25
16,4.14,4.14,3.75,4,3.75,4.21,4,4.2,3,0,4.5,0,0,4,0,0,4,0,0
17,4.02,3.25,3.26,3.78,3.26,3.75,3.84,3.62,3.91,2.3,4.21,3.65,2.7,3.75,3.7,2,3.88,4,4.5
18,3.35,3.07,3.31,3.26,3.3,3.31,3.12,3.12,3.5,0,4,3,0,0,0,0,0,0,0
19,3.61,3.44,3.29,3.39,3.47,3.41,3.61,3.38,3.67,3.92,3.56,3.4,3.88,4,3.64,3.67,3.25,4,4.33
20,3.12,3.5,3.31,2.9,3.56,3.76,2.55,3.07,3.05,3.6,3.25,2,4.15,3.14,3.7,3.62,2.5,0,0
21,3.77,3.52,3.36,3.29,3.45,3.65,3.5,3.34,3.32,3.35,3.45,3.2,3.12,4,3.22,3,3.57,0,3.5
22,3.04,3,3.38,3.49,3.44,3.39,3.35,3.4,3.61,2.85,3.74,3.56,3.37,3.3,3.06,3.25,3,0,4.5
23,3.71,3.58,3.36,3.58,3.5,3.59,3.75,3.5,3.4,3.65,3.77,3.41,3.61,3.49,3.35,3.33,3.6,3.78,4.03
24,3.78,3.8,3.64,3.83,3.4,3.75,3.86,3.33,0,3,4,3,3,4,3,3,4,0,0
25,3.2,2.92,3,3.18,3.17,3,3.17,3.17,2.75,5,2.5,2,3,0,5,0,0,0,0
26,3.58,3.36,3.46,3.72,3.17,3.15,3.59,3.22,3.21,4.09,3.98,3.17,3.37,3.72,0,4,3.75,3.5,4
27,3.88,3.2,4,3.6,4,3.8,3.86,4,0,0,4.33,3.33,0,5,0,0,0,0,0
28,4.28,4.47,3.33,4.38,3.38,4.22,4.78,3.6,3,2,4.29,5,0,4.57,5,0,0,0,4.67
29,2.83,2.6,3.5,2.83,1.5,0.88,5,3,1.75,1.5,2.5,3.21,0,4.5,0,3.62,0,0,0
30,3.96,3.6,3.61,3.79,3.62,3.88,4,3.34,3.46,3.53,3.88,3.37,3.95,4.02,3.78,4.33,3.9,3.38,4.55
31,4.21,3.98,4.38,4.3,4.21,4,4.34,4.36,4.21,4,4.2,0,4,4.3,3.75,4.25,4,4,0
32,3.79,3.38,3.9,3.62,3.75,3.38,3.5,4.14,3.17,3,3,0,2.67,4.33,2.67,3.33,4,0,0
33,3.39,3.23,3.06,3.33,3.05,3.3,3.67,2.83,3.11,3,3.5,3.18,4,1,2,0,0,3.5,0
34,4.04,3.64,3.78,3.97,3.93,3.76,3.88,3.82,3.36,3.5,3.91,3.79,4,4.22,3.57,4,4,4.25,3.17
35,2.25,2.71,2.88,2.14,2,2.92,2.8,2.17,1.25,1.5,0,2,1.5,1,1.5,0,0,0,0
36,3.8,3.42,3.53,3.52,3.45,3.52,3.65,3.57,3.25,3.17,4,3.4,3.33,3.5,3.33,0,3,4,0
37,4.33,3.93,3.5,3.67,4,4.25,3.67,3,4.5,4.38,0,0,4.43,4.5,5,5,0,0,0
38,4.35,4.23,3.91,4.18,4.05,4.29,4.22,4.05,4.06,3.88,4.54,4.5,4,4.5,3.75,4,3.5,4.75,0
39,3.79,3.87,3.92,3.97,3.75,4,3.78,3.56,3.5,3,3.5,3.62,3,4,3,3.5,3.5,5,0
40,4.42,4.67,4.45,4.53,4.53,4.75,4.55,4.57,4.67,4.33,4.61,4.5,4.33,4,4.5,4.42,4,0,0
41,3.92,3.85,3.88,3.88,3.96,3.97,3.81,3.82,3.92,3.93,3.86,3.65,3.7,3.75,4.24,4,3.5,0,4
42,4.04,3.94,3.98,3.96,3.99,3.79,4.1,4.07,3.79,3.92,4.17,3.25,3.7,4.33,4,3.78,0,0,0
43,3.41,2.91,2.71,2.75,2.84,3.33,2.43,2.7,3.3,3.36,3,2.22,3.43,4.2,3.17,0,3,0,0
44,3.25,3.38,3.4,3.42,3.62,3.33,3,3.5,3.5,4,3,0,4,0,0,0,0,0,0
45,3.62,2.94,2.5,4.5,3.5,3.31,4.75,4.25,3.83,0,5,3.5,0,0.5,4,0,0,0,4.5
46,5,4.88,5,5,5,5,4.92,5,4.94,4.86,5,5,5,5,0,5,0,0,0
47,4,3.64,3.89,4.06,3.87,3.4,4,4,4,4,3.67,4,4,4.33,3.5,3.5,3,0,0
48,3.68,3.51,3.41,3.38,3.5,3.74,3.62,3.4,3.55,3.49,3.51,3.18,3.53,3.82,3.42,3.24,3.75,3.94,4.5
49,3.68,3.54,3.27,3.19,3.51,3.69,3,3.22,3.79,3.54,4,4,5,3.7,3.75,0,3.25,0,0
50,3.32,3.19,3.41,3.33,3.14,3.27,3.43,3.62,3.5,0,3,3,0,4,0,3,3.33,0,0
51,3.75,3.54,3.71,4.17,4.29,3,4.75,4,5,5,4.5,4.6,5,5,0,0,2,0,4
52,3.9,3.43,3.5,2.83,4.5,3.96,3.5,2,4.67,4.25,3.17,0.83,3.5,5,3.75,5,0,0,0
53,3.05,2.53,3.36,3.38,1.85,4.33,2.86,3.25,1.4,1,3,3.6,1,0,2,0,0,0,0
54,3.93,3.69,3.65,3.88,3.59,4,3.78,4.17,3.12,4.12,4,2,4.1,4,5,2.67,4.25,0,0
55,3.33,3.57,3.73,3.78,3.58,3.17,3.6,4.4,3.8,3,4.5,4,3,0,3,0,0,0,0
56,3.61,3.59,3.33,3.52,3.52,3.75,3.53,3.12,3.67,3.98,3.76,3.77,4.12,3.32,4.27,3.75,3.69,4.45,3.75
57,4.47,4.04,3.98,3.6,3.68,4.38,4.03,3.29,3.88,3.85,3.52,2.91,5,4.4,3.92,0,4.14,0,4
58,4.05,3.19,2.94,3.61,2.95,3.25,2.75,3.92,2.75,3,3.88,3.3,3.5,5,0,5,2,0,3
59,3.58,2.74,2.58,3.13,2.58,2.75,3.59,2.65,2.62,2.72,3.67,3.83,4.17,3.17,1.5,3,3.5,4,0
60,4.63,3.9,3.93,4.1,3.78,4.25,4.23,4.39,3.71,4.25,4.5,4.3,4.3,4.69,1.5,0,4,0,0
61,3.51,3.22,3.71,4.22,3.13,3.47,4.18,3.46,3.19,2.76,4.17,3.5,2.87,0,2.98,3.75,0,3.25,0
62,4.03,4.14,3.98,3.91,4.17,4.5,4.07,4.24,5,5,3.94,0,5,3.8,0,4.12,0,3.75,0
63,3.79,3.53,4.12,4.1,4.32,3.58,4.07,4.29,4.12,3.44,3.88,3.64,4,2.5,4,4,4.17,0.5,0
64,4.27,3.83,3.88,4.12,4,3.8,4.43,4,3,3,0,5,3,4.33,3,3,5,0,0
65,4.29,4.31,3.33,4,3.67,4,4.5,3.6,5,0,0,0,0,4.2,4.67,0,4,5,0
66,3.9,3.71,4.15,3.96,4.27,3.86,3.95,3.87,3,0,3.6,2.8,0,4,0,0,0,0,4
67,4.2,3.22,3.72,3.63,3.41,3.71,4,3.91,3.75,3.78,3.6,3.75,3.86,4.25,3.71,4.5,3.8,0,0
68,3.58,3.6,3.7,3.68,3.72,3.74,3.11,3.56,3.71,3.65,3.79,3.67,3.75,3,3.79,4,3.5,0,0
69,4.3,4.07,4.08,4,4.42,4.24,4.2,3.6,4.2,4.12,4.17,0,4.54,4.83,4.12,4.5,4.5,0,0
70,4.44,4.06,4.18,4.23,4.38,4.6,4.6,3.91,4.33,4.45,4,3.8,4.4,0,5,0,0,0,0
71,4.36,4.2,4,5,4.33,4.4,5,3.67,5,0,5,4,0,0,3,0,0,4,4.75
72,3.5,3.2,2.99,3.23,2.97,3.41,3.41,3.09,2.96,3.12,3.41,3.33,3.23,3.31,3.17,2.85,3.62,0,0
73,3.67,3.23,3.3,3.39,3.3,3.32,3.66,3.29,3.4,3.14,3.6,3.22,3.54,3.52,3.25,3.44,3.71,3.1,4.05
74,4.04,3.92,4.43,4.45,4.5,4,4.14,4.09,4.33,3.5,4,4,4,4.83,4,0,0,0,0
75,3.09,3.26,3.21,3.17,3.31,3.37,3.37,3.22,3.58,3.36,3.91,3.41,2.83,3.25,3.33,4.5,3.2,4,0
76,4.06,3.85,3.5,3.8,3.67,4,3.5,0,3,2.83,3.5,0,3.5,3.5,3.5,0,3.67,0,0
77,3.15,3.37,3.39,3.24,3.42,2.93,3.36,3.43,3.74,3.38,3.6,3.4,3.61,3.46,3.75,3.17,3.38,0.5,4.5
78,4.37,4.08,4.39,4.39,4.19,4.16,4.45,4.19,3.85,3.27,4.42,4.22,3.72,4.3,3.71,4.31,4,4.82,4
79,2.77,2.19,2.55,2.62,2.55,2.33,2.75,2.72,2.69,2.69,2.5,2.25,2.8,3.75,2.5,3,0,0,0
80,3.83,3.62,3,3.38,3.14,3.12,3.7,4,3,4,4.33,2,4.2,5,4.5,0,5,0,0
81,3.95,3.94,3.69,3.6,3.8,3.66,3.75,3.71,3.85,4.25,3.85,3.81,4.2,4.2,4.2,3,4,4.25,4.33
82,4.14,3.5,2.86,3.27,3.15,4.33,3.36,2.5,3.67,4.2,3.67,4.5,4.33,4.67,4.33,4.33,4,0,0
83,3.98,4,3.45,3.43,4.31,3.71,3.86,3.27,4.09,3.62,3.5,4.14,3.4,3.87,4.2,5,4.5,4,0
84,3.71,3.61,3.7,3.73,3.77,3.65,3.76,3.67,3.89,3.69,3.56,3.75,3.62,3.65,0,3.76,3.5,0,3.5
85,3.06,3.09,3.52,3.67,3.44,3.17,3.63,3.5,2.79,2.4,2.83,2.43,2.5,3.17,2.17,3,3.75,0,0
86,3.78,3.51,2.88,3.35,3.11,3.46,3.91,3.39,3.21,3.16,3.67,3.6,3.58,3.75,3.58,3.67,3,3.25,0
87,3.4,3.31,3.27,3.4,3,3.14,3.5,3.25,3,3,3,0,2.5,0,3,0,0,0,0
88,3.65,3.32,2.98,3.14,3.09,3.67,3.45,2.77,3.54,3.56,2.98,2.55,3.83,3.83,3.56,3.12,3,0,3.67
89,4.71,4.5,4.62,4.57,4.63,4.75,4.67,4.35,4.65,4.5,4.4,4.25,4.5,5,4.6,5,4.67,0,4
90,3.9,3.79,3.47,3.71,3.77,3.67,4.18,4,3.8,3.57,4.29,4.5,3.33,4,3,0,5,0,0
91,4.52,3.91,4.43,4.43,4.56,4.18,4.1,4.52,4.79,4.53,4.5,3.8,4.61,5,4.5,4.63,0,0,0
92,3.3,3.12,3.04,3.29,2.93,3,3.65,2.89,3.08,3.27,3.62,2.62,3.33,3.57,3,3,3.67,0,0
93,3.9,3.76,3.69,3.81,3.71,3.71,4.06,3.5,3.83,3.73,3.83,3,3.68,3.67,3.32,3.94,4,0,0
94,3.68,3.31,3.03,3.2,3.16,3.68,3.59,2.93,3.13,3.64,3.62,2.75,3.77,3.84,3.3,3.38,3.25,3,3.67
95,3.94,4.04,3.94,3.85,4.19,4.08,4.23,3.84,4.24,4.11,3.95,3.75,4.12,3.8,4.14,4.5,4.25,0,4
96,3.94,4.26,4,4.2,5,4.25,3.93,4,3.17,0,4.53,4.33,0,4.2,0,0,4.5,0,4.58
97,3.03,3.29,2.58,3,3.11,2.87,3.15,3.02,3,2.08,3.18,2,2.5,2.73,2.33,1.5,4.5,0,4
98,4.31,4.47,4.26,4.22,4,4.43,4.5,3.9,4.12,3.8,3.62,4.33,4.62,4,4.5,3,5,0,0
99,3.6,3.44,2.86,3.42,2.95,3.81,3.68,2.38,3.35,2.97,3.56,3.33,3.47,3.95,3.48,5,5,4,4
100,3.43,3.45,3.11,3.4,3.22,3.43,3.5,4,4,4,4,0,3.67,0,4,0,0,0,0
101,4.03,3.29,3.96,3.76,4.47,2.5,3.9,4.06,4.83,0,4.1,3.62,4,4.5,0,4.88,2.5,0,4
102,4.02,3.88,3.89,3.92,3.91,4.04,4.13,3.85,3.85,3.97,4.04,3.83,4.19,4.28,4.23,3,4.43,3.9,4.76
103,3.78,3.75,3.03,3.56,3.17,3.44,3.9,3.23,3.33,4,4.23,3.5,3.75,4,0,3.5,2,0,5
104,4.05,4,4,3.91,4.06,4.1,4.05,4.03,4,4.5,4.07,3.8,4.5,3.8,0,4.08,0,0,0
105,3.46,3.27,3.23,3.44,3.18,3.35,3.53,3.17,3.38,2.96,3.46,3.33,3.17,3.56,3.12,3.17,2.8,3.67,4.25
106,4,3.72,4.2,4,4,3.2,5,4.17,3.67,3.73,4,3.67,3.78,0,3.25,4.5,0,0,0
107,3.34,1.81,2.69,3.18,3.25,2.17,3.5,3,4,4,3.75,2.25,4,4.75,0,4,0.5,4,0
108,3.58,3.2,3.33,3.36,3.73,3.8,3.33,4,4,4.5,2,4,5,3.33,5,5,3,0,0
109,4.31,3.9,3.8,4.27,3.57,4.3,4.28,3.7,4,0,4.25,5,0,0,0,0,4.5,0,0
110,4,4.23,4.29,4.27,4.2,4.25,4.06,3.85,4,3.67,3.71,3.67,3.33,4,3.33,3.67,3.8,0,0
111,3.39,3.55,3.58,3.38,3.55,3.45,3.63,3.41,3.34,3.33,3.5,3.62,2.9,3.47,3.5,3.75,4.1,4.29,4
112,4.67,4.57,3.38,3.64,3.43,4,4,4,5,5,2.5,0,5,4.5,5,0,0,0,0
113,4.64,4.67,4.29,4.43,4.6,4.4,4.71,5,5,5,0,0,5,5,0,0,0,0,0
114,4.43,4.12,3.91,4,4.33,4.75,3.43,4,5,4.83,0,3,5,5,5,5,4,0,0
115,4.18,4.09,3.88,3.94,4.4,4.1,4.35,4.25,4.67,4.38,3.5,4,3.75,3,5,0,0,0,0
116,4,3.56,3.27,3.61,3.77,4.17,3.36,3.75,4.42,5,5,4,5,3.5,0,0,0,0,0
117,4.03,3.94,1.25,1.62,0.5,4.18,4.5,0.5,4.25,0,3,0.5,0,3.75,5,0,0,0,0
118,4.22,3.78,3.96,4.09,3.72,4.12,4.3,3.65,3.5,3.8,4.11,3.88,3.33,4.7,3,0,3.75,5,4.33
119,3.77,3.52,3.08,3.31,3.25,3.68,3.55,3.14,3.42,3.24,3.71,3.11,3.74,3.95,3.86,3.33,3.62,2,4
120,3.43,3.44,3.42,3.46,3.27,3.26,3.37,3.54,3.45,2.92,3.38,3.41,2.75,4.25,3,3.5,2.5,3,2.25
121,4.23,3.75,4.04,4.14,3.76,4.04,4.17,3.91,4,4.17,5,3.5,3.83,4.5,4,4,4.25,5,0
122,3.18,2.38,2.55,2.4,2.58,3.09,2.57,2.75,3,3,0,3,3,3.25,3,3,3,0,0
123,3.3,3.64,4,3.69,3,4,4,3.83,0,0,4.5,3.79,0,0,0,0,0,0,0
124,3.66,3.89,3.66,3.48,4.08,3.77,3.48,4.14,4.4,4.1,3.5,3.61,4.22,4.06,4.5,0,3,0,4
125,4.32,3.98,3.81,4.12,3.84,4.13,4.14,3.54,4,3.9,4.21,4.75,3.92,4.17,3.72,3.5,4.25,0,4.17
126,3.43,3.76,3.78,3.75,3.52,3.41,3.86,3.56,3.78,3.44,3,4,3.89,4,3.86,4.33,3.5,4,0
127,3.86,4.29,3.75,3.57,3.75,4.22,3.5,3,4,4,3.5,0,0,4,0,0,0,0,0
128,3.87,3.86,3.79,3.78,4.03,3.99,3.91,3.77,3.82,4.17,3.59,2.94,4.24,3.64,4.37,3.67,4,0,2
129,3.88,3,2.9,3.5,3.22,3.4,3,2,0,3.33,0,3,3.33,4.5,0,0,3,0,3
130,3.37,3.23,3.21,3.18,3.35,3.39,3.23,3.18,3.5,3.56,2.92,2.57,3.48,3.78,3.65,3.39,3.27,4,3.75
131,4.15,3.5,3.56,3.75,3.5,3.92,3.4,4,3.6,2.67,3.33,4.67,2,4.33,2,0,2,0,0
132,4.39,4.47,3.4,3.77,4.11,4.2,4.05,3.71,4.33,3.92,4,3.5,4.21,4.2,3.83,3.17,3.5,5,0
133,2.55,2.24,1.89,2.3,2.53,2.41,1.88,1.71,2.41,1.97,2.32,0.5,1.89,3.33,2.25,2.73,2.83,2.25,0
134,3.98,3.81,4.01,4.28,3.97,3.65,3.92,4.21,3.76,3.65,4.48,4.33,3.53,3.45,3.33,3.67,4.17,3,4.5
135,3.5,2.75,1.8,2.33,2,1,3.5,1,0,3,0,0,0,0,0,0,0,0,0
136,3.53,3.65,4,3.67,4.09,3.75,3.83,3.95,4.13,3.98,0,0,4.27,0,4.1,4,0,0,0
137,3.73,3.73,4.33,4.24,3.76,3.67,4.38,4.08,3.24,3.2,4.4,2,3.71,4,3.56,5,4,0,4
138,3.61,2.2,2.86,3.42,2.34,2.42,4.06,2.98,2.5,1,4.08,3.25,0.83,3.93,0.5,3.17,4,4.25,0
139,3.83,3.23,3.75,3.69,3.83,3,4.14,3.77,2.83,4.33,3.2,3,0,3.83,3,0,0,0,0
140,3.53,3.16,3.29,3.9,3.36,3.12,4,3.7,3.46,3.64,3.33,4.5,3.42,4.5,2.83,3.9,0,0,0
141,3.53,2.5,3.31,3.27,2.88,3,4,2.67,0,0,3.5,0,0,3.67,0,0,0,0,0
142,2.89,2.43,2.56,3.1,2.67,2.6,2.91,2.57,3.17,3.8,3,3.12,4,3,3.67,3,2.33,0,0
143,3.93,3.64,3.24,3.6,3.05,4.5,3.77,2.55,3.4,2,3,4.5,3,4.5,3.75,3.75,2.5,4.5,2.62
144,3.67,2.75,3.41,3.76,3.42,3.6,3.3,3.83,2,3.33,4.5,4,4,3.67,4,4,3.25,0,0
145,4,4.71,4.75,4.82,4.46,4.83,4.71,4.38,4.6,4.25,5,4,4.33,4.67,4.33,4,0,0,0
146,3.69,3.54,3.39,3.5,3.72,2.93,3.54,3.59,4,4.12,3.83,3.75,4.2,3.83,4,3.93,3.25,0,0
147,4.3,4.17,4,4.62,4.21,3.67,4.9,3.5,4,3.93,4,5,4.1,4.5,4,4,0,0,0
148,4.11,3.96,3.65,3.83,4.12,4.19,3.68,3.71,4.35,4.28,4.02,3.29,4.32,4.6,4.36,4.25,3.83,4.33,3.9
149,3.56,3.52,3.31,3.5,3.52,3.74,3.58,3.34,3.72,3.59,3.43,3.38,3.45,3.57,3.71,3.75,1.5,3.5,4
150,3.32,2.94,3.19,3.25,3.15,3.14,3.36,3.02,2.9,2.41,3.43,2.95,2.88,3.55,2.36,3.6,2.8,4.5,3.67
151,3.84,3.52,3.6,4.08,3.83,3.69,3.25,4.18,3.5,3.5,4,3,3.67,4.4,3.67,4.33,2.75,0,0
152,3.37,3.16,3.49,3.58,3.56,3.25,3.6,3.82,3.79,3.5,3.83,3.35,3.64,3.43,3.75,3.89,3.67,3.5,3.75
153,4.48,4,3.56,3.89,4,4.15,4.5,4,4.5,4,4.33,4,4.2,4.33,0,0,0,0,3
154,4,4,4.67,4.5,4.25,3.71,4.25,4.25,4.33,3.83,5,3,4,0,4,0,0,0,0
155,3.72,3.25,3.81,3.59,3.56,3.6,3.83,3.58,3.5,4.5,3.75,4.17,5,4.25,0,0,2.5,0,0
156,4.66,4.27,2.33,3.85,2.9,4.56,4.35,3.17,4.25,4.75,4.5,0,5,4.5,0,0.5,0,0,0
157,3.7,3.26,3.2,3.44,3.13,3.36,3.61,3.43,3.1,3.06,3.83,3.33,3.75,3.45,3.75,3.28,3.5,3.5,4
158,3.5,3.06,3.05,3.36,3.21,1.5,3.67,2.5,4.17,1.5,3.5,2.5,2.75,0,4,4,0,0,0
159,3.59,3.17,3.57,3.58,3.68,3.6,3.75,3.81,3.57,3.44,4.03,3.2,3.69,4.03,3,3.5,4.08,0,4
160,4.16,3.65,3.8,4.33,2.5,4.09,3.81,2.5,3.33,2.6,3.71,4,2,3.67,4,0,0,0,3
161,3.61,3.47,3.41,3.71,3.43,3.65,3.38,3.45,3.5,3.44,3.6,5,3,4.33,3,3.33,4,0,0
162,3.71,3.43,3,3.2,2.75,3.29,3.5,3,3,0,3,0,0,0,0,0,0,0,0
163,3.75,2.74,2.65,2.66,3.06,3.89,3.53,2.83,3.15,2.79,3,3.12,2.8,3.5,2.5,3.11,0,0,0
164,3.95,3.68,3.5,4,3.32,3.7,4.25,3.38,3.23,3.33,4.33,3.5,3.4,3.5,3.3,3.5,0,4.25,4
165,2.96,2.84,2.81,2.79,2.82,2.91,2.83,2.99,2.9,2.82,2.9,2.95,3,2.91,3.12,2.75,2.83,2.5,4
166,4.02,3.35,3.5,3.54,3.94,3.25,3.15,3.39,3.88,3.92,4.5,0,3.9,4.33,4,0,4.17,5,0
167,4.4,4,3.25,4,4,4,3.5,3.87,3.33,4.43,5,4.25,4.33,0,4.5,0,0,0,0
168,3.3,3.12,3.09,3.26,3.74,3.25,3.33,3.24,3.86,4.14,3.12,3,4.5,3.75,4.25,4,3.25,0,3
169,4.17,3.82,4.62,4.4,4.28,3.86,4.69,4.37,4,4.15,4.15,4.5,4.53,4.83,4.17,4.25,0,0,4
170,2.65,2.38,2.5,2.67,2.25,3,3.5,2.5,2.67,2.17,3.5,0,2.17,3.25,2,0,0,0,0
171,4.16,4.09,3.8,4.07,3.8,4.5,4.17,3,3,3.5,3.5,3,3.5,5,4,0,0,0,3
172,3.77,3.88,3,3.71,3.5,3.4,4.4,3,0,3.6,4,0,3,3.5,3.67,3.5,3,0,0
173,4.27,4.06,4,3.93,3.88,4.43,4,4,3.6,4,4,4,4.33,4,3.5,0,0,0,3
174,3.67,3.5,3,1.88,3.83,3.44,0.5,3.17,0,3.75,0.5,3.5,3.75,3.5,4.5,0,1.5,1,0.5
175,3.83,3.51,3.64,3.88,3.94,3.53,3.82,4,3.89,3.87,3.5,3,3.85,3.2,3.76,3.83,0,5,4
176,3.22,2.56,3.03,2.98,3.05,3.06,3.23,3.04,3.06,2.73,2.97,2.35,2.96,3.41,2.88,3.16,2.62,3.25,3.75
177,4.13,4.26,3.91,3.86,4.05,4.2,4.23,3.78,3.85,3.67,4.36,3.79,4.44,4.2,3.67,5,4.33,0,4
178,3.56,3.51,3.74,3.37,3.88,3.36,3.69,3.59,3.69,3.36,2.6,3.36,3.65,3.75,3.64,3.3,3.67,2.67,0
179,3.96,4,3.44,3,3.97,3.86,2.25,2.5,4.69,4.3,4.33,0,4.12,0,0,4,0,0,0
180,3.22,3.42,3.86,3.25,3.75,4,3,4,4.5,4.5,4,1.5,3,4,3.5,0,0,0,0
181,4.5,4.35,4.33,4.4,4.17,4.5,4.75,4,4.5,0,4.2,3.5,4,4,4,0,0,0,0
182,3.89,3.74,3.93,3.95,4.06,4.03,3.44,4,3.73,3.79,4,3,4.14,4.4,3.8,4.67,4,0,0
183,4.26,3.45,3.8,4.64,3.2,4,4.46,3.5,4,3.5,4.57,4,3,4,0,0,0,4,3
184,3.83,3.55,3.8,3.75,3.67,3.5,4.38,3.33,3.67,4.2,0,4,4.6,3.33,4.33,4.5,0,3,0
185,3.7,3.67,3.61,3.65,3.58,3.71,4.24,3.47,3.69,3.46,4.25,3.45,3.59,4.25,3.35,3.75,3.33,0,3
186,4.1,2.5,3.78,3.96,4.06,3.07,3.57,4.21,3.94,3.5,4.4,0,4.17,0,3.5,4.4,0,0,0
187,3.82,3.8,3.07,3.45,3.25,3.78,3.82,3,3.43,3.69,3.53,3.5,3.63,2.83,3.89,3.3,0,3.81,3
188,3.86,3.64,3.42,3.58,3.5,3.68,3.47,3.19,3.76,3.55,3.17,3.2,3.73,5,3.8,4.33,4,0,0
189,2.93,2.52,2.79,3.05,2.52,2.48,3.15,2.4,1.83,1.11,3.45,3.12,1.17,3.8,1,0,1,2,4
190,4.11,3.89,3.6,3.67,3.6,3.82,4,4,4.33,4.4,4.83,5,3.75,3.5,3,0,4,0,0
191,3.58,2.88,2.58,3.07,2.7,3.25,3.38,2.67,2,2,3,4,2,3.67,2,3,4,0,0
192,4.1,3.44,2.94,3.27,3.44,3.62,3.5,2.8,3.38,3.53,3,3,3.83,4.67,3.83,5,4.67,0,0
193,4.29,4.21,4.17,4.22,4,4.13,4.17,3.67,4,3.67,4,4,3.67,4.25,5,0,0,0,3.5
194,3.71,3.33,3.48,3.45,3.53,3.62,3.5,3.38,3.17,3.67,3.5,3,4,4.25,4,4.5,3.33,0,0
195,3.1,2.79,2.67,2.75,2.96,2.9,2.94,2.84,2.87,3.09,3.58,2.77,3.46,3.33,3.18,3,3.31,3.29,4.4
196,3.95,3.45,3.92,3.92,4.04,3.95,3.4,3.71,3.5,3,3.57,3.33,3,3.5,4,0,4.25,0,3
197,3.86,3.63,4.28,4.13,4.14,3.4,4,4.13,3.87,4.75,4.33,3.5,5,3.5,5,0,4,0,3
198,3.71,3.55,3.67,3.56,3.86,4.46,3.97,4.67,4.1,4.62,3.12,0,4.3,4.06,3,0,3.67,4.83,3.5
199,3.69,3.65,3.63,3.65,3.52,3.52,3.78,3.58,3.51,2.3,3.81,3.54,3.46,3.76,2.08,3.79,3.14,3.44,3.83
200,3.43,3.19,3.37,3.4,3.31,3.06,3.42,3.4,3.05,3.22,3.48,2.77,3.28,3.73,2.6,2.93,4,1.5,2.5
201,4.01,4.02,4.17,4.16,4.39,4.1,4.11,4.33,4.54,4.58,4.25,3.88,4.67,4.25,4,4.67,4,4.5,4
202,4,3.62,3.7,3.8,3.69,3.86,4.43,3.68,3.2,3,4,2.88,0,3.75,4.33,0,4.25,0,0
203,4.09,3.67,3.81,4.03,3.8,3.33,4.21,4.5,5,3.5,4.36,0,3.5,4.5,0,5,0,0,4.18
204,3.72,3.31,2.88,2.9,2.92,3.35,3.64,3.83,3.25,2.25,3.75,3,3.5,3,0,0,2.75,0,5
205,3.6,3.15,3.51,3.31,3.55,3.47,3.28,3.41,3.8,3.45,3.6,2.63,3.56,3.69,3.9,3.58,5,2.75,0
206,3.54,3.29,3.64,3.29,3.43,3,3,3.55,3.17,3.2,0,3,3,4.5,2,0,0,0,0
207,1.61,2.46,0.92,3.17,1.08,1.68,2.62,1.57,1.5,1.08,2,4,1.6,0.5,0.5,0,0.5,0,0
208,4.12,4.11,3.7,4,4.3,3.96,4.04,3.7,3,0,3.5,3,0,4.25,0,0,0,4,0
209,3.2,2.5,3.25,3.2,2.75,3.2,3,2,2,0,4,2.67,0,3.5,2,0,4,0,0
210,3.12,2.93,2.86,2.94,3.05,2.88,3,3.33,2.62,3.5,3.33,2.4,3.5,0,3.5,4,3,0,0
211,4.53,4,3.78,4.08,4.22,4.18,4.14,4,4.6,4.4,4.29,3,4,4.8,4.25,4,0,0,4
212,3.4,2.8,3.04,3.15,3.04,3.26,3.2,2.97,3.14,3.08,3.33,2.88,3.27,3.39,3.35,3.41,3.06,3,3
213,2.58,2.36,2.96,2.88,2.91,2.44,2.77,2.9,2.6,2.45,2.79,2.69,2.64,2.79,2.4,2.98,2.62,0,0
214,4.18,3.93,3.75,3.81,3.88,3.75,4.09,4.02,4.14,4,4.14,4.33,4.11,4.38,4.23,4.5,4.5,4.33,3.75
215,4.08,3.69,3.21,3.69,3.53,3.92,4,3.62,3.75,3.6,4.17,4,3,4.25,3.5,0,0,0,5
216,4.37,4.38,4.35,4.28,4.41,4.33,4.38,4.27,4.5,4.23,4.5,3.17,4.22,4.5,4.19,4,4,4.83,4.5
217,3.82,4.32,4.29,3.88,4.39,4.19,4.32,4.17,3.43,5,3.33,2.5,5,4.2,4.33,4.5,5,5,0
218,3.88,3.91,3.93,4.05,3.86,3.6,4,3.85,3.71,3.5,4,3.79,4.25,5,3.5,0,0,0,4
219,3.64,3.81,3.82,3.81,3.6,3.65,4.14,3.8,3.34,3.68,4.07,0,3.59,4,3.6,5,3,0,0
220,3.73,3.53,3.35,3.36,3.24,3.53,3.98,2.85,2.92,3.33,3.44,3,4.12,4.06,3.5,4,2.33,4,3.83
221,2.33,2.83,2.64,2.38,3,2.83,2.88,3,2.75,0,0,3,0,2,2.5,0,2.67,0,0
222,4.31,3.68,3.89,4.29,3.91,4.2,4.43,3.86,3.43,2.86,4.6,4.5,2.6,4.5,3.88,0,3,4,4.4
223,4.13,3.38,4,3.94,4,3.88,4,4,3,3,3.25,0,0,4.5,4,0,0,0,0
224,4.21,4.15,4.14,4.09,4.07,4.05,4.39,4,4,4.43,4,4,4.33,4.5,4.5,5,5,5,4.5
225,4.1,4,4.1,3.9,4.08,4.67,3.67,4.4,4,4,5,4.33,4.25,4.5,4.25,4.33,5,0,0
226,3.62,2.71,3.31,3.15,3.11,3.35,2.81,2.83,2.33,1.67,3.5,1.5,1.75,0,0,3,0,0,0
227,3.11,3.38,4.67,4.86,2,3.25,4.67,0,2.5,2.25,4.5,5,2,0,0,0,5,0,0
228,3.93,4.34,4.27,3.92,4.12,4.17,4.42,4.23,4.45,4.1,4.4,5,3.8,4,5,2.75,5,4,0
229,4.14,3.79,3.9,3.75,4.25,4.11,4.17,4,4.17,4.5,4,4.5,0,4.25,4.75,0,4,0,4
230,4.52,4.57,4.15,4.33,4.33,4.47,4.45,4.09,4.64,0,4.5,4.12,0,3.75,0,4.12,0,4,4
231,4.12,4.25,4,4,3.33,4,4.15,4,0,4,3.91,3.5,4,5,0,0,0,0,3
232,4.07,3.84,3.95,4.1,3.98,3.95,4.14,3.87,4.09,3.85,4.05,3.91,4.41,4.12,4.03,4,4,4.33,4.4
233,3.31,3.33,3.07,3.15,3.09,3.38,3.4,3.5,3,3,3,0,0,4,3,0,0,0,0
234,4.24,3.59,3.79,4.08,3.6,3.87,4.23,3.81,3.66,3.32,3.7,3.83,3.32,4.5,3.83,3.58,4.5,3.92,0
235,4.26,4.21,3.87,4.27,4.1,4.26,4.39,4.08,4.5,4.38,4.5,4.33,4.29,3.29,4.32,4.5,4.25,0,5
236,4.09,4.14,3.33,3.94,3.44,4.16,4.01,3.42,3.71,3.38,4.03,4.12,3.6,4.33,3.5,2.75,4.29,3.5,4.3
237,3.5,3.56,2.83,3.12,3.16,2.92,3.77,3.07,3.75,3.38,3.17,3,3.38,1.25,3.38,3.5,1,0,0
238,3.64,3.45,3.68,3.88,3.44,3.55,3.77,3.8,4.2,4,4,3.5,4,3.7,0,2.67,4.5,2,0
239,3.92,3.71,3.59,3.81,3.67,3.92,3.58,3.65,3.77,3.54,3.5,3.29,4.56,4,4.17,0,3.86,4.5,0
240,3.99,3.96,3.64,3.69,3.8,3.89,3.86,3.9,4,4.06,4,3.85,4.1,3.62,4.2,4.12,3.5,4.5,4.12
241,3.38,3.17,2.93,3.25,2.85,2.78,3.42,3,2.8,3,3,3,3,2,3,2.67,0,0,0
242,4.51,4.39,4.45,4.35,4.55,4.42,4.46,4.53,4.71,4.88,4.53,4.71,5,4.9,4.6,5,4.78,0,5
243,3.53,3.3,3.24,3.24,3.39,3.49,3.53,3.25,3.52,3.54,3.45,3.16,3.7,3.62,3.97,3.58,2.75,3.62,3.5
244,3.24,4.13,3.66,2.85,4.11,3.06,3.92,3.81,3.86,3.83,1.5,3,3.38,4.33,0,3.71,0,0,0
245,3.99,3.87,4.28,4.03,4.27,4.04,3.82,4.27,4.29,3.38,3.87,3.33,3,4.5,3.2,0,4.33,4.5,5
246,3.56,3.78,3.79,3.44,3.47,3.43,0,3.89,3.6,3.29,4,3.5,3.6,4,3.5,3,4,0,0
247,3.77,3.42,3.6,3.66,3.6,3.59,3.56,3.46,3.42,2.93,3.87,3.3,3.38,4.38,3.25,0,4,0,5
248,4.54,4.19,4.26,4.26,4.17,4.4,4.5,4.03,4,3.5,4,4.29,4,4.47,0,0,4.33,0,4
249,4.29,3.42,3.29,3.4,3.2,3.5,3,3.5,3,0,0,3,0,5,0,0,4,0,0
250,4.35,4.22,4.18,4.21,4.13,4.17,4.44,4.04,4.12,4.57,4.42,4,4.57,4.5,3.75,4.47,5,0,0
251,4.65,4.44,4.22,4.07,4.24,4.52,4.36,4.28,4.3,4.47,5,4.2,4.48,4.4,4.57,4.13,4,0,0
252,3.38,3.4,3.76,3.71,4,3.83,3.6,3.7,3.6,3.67,4,5,4,4,3,0,0,0,0
253,3.76,3.63,3.58,3.19,3.86,3.68,3.65,3.26,3.98,3.82,3.18,2.94,3.59,4.23,3.38,4,3.79,0,4
254,3.56,3.39,3.18,3.31,3.54,3.2,3.55,3.5,3.77,3.79,3.82,3.67,3.88,3.67,3.7,3.5,3.25,3.5,4
255,3.88,3.44,3.61,3.27,3.64,3.66,3.81,3.61,3.98,2.89,3.75,2.1,3.75,4,3.5,3.5,4,0,4.75
256,3.64,3.33,2.75,2.92,2.5,3.43,3.6,1,3,3,2,0,0,0,3,0,0,0,0
257,3.86,3.17,3.59,3.65,3.71,3.68,3.33,3.4,3.66,3.75,3.3,2.8,3.53,3.33,4,2.5,3.88,4.5,3.43
258,4.24,4,4.17,4.43,4.33,3.67,4.5,4.33,3,0,5,4.5,0,4.5,3,0,4.67,0,0
259,3.85,3.69,2.17,3,2,3.67,3.4,2,5,3.25,0,0,0,4,0,0,0,4.33,0
260,3.53,3.43,4.1,3.65,4.67,3.57,2.75,4.5,3.9,0,3.5,3,0,4,0,4.33,4,0,0
261,4,2.78,3.54,4.11,3.31,4.1,3.86,4.19,2.21,2.5,4.38,4.5,2.6,4.12,1.75,3.75,4.5,0,0
262,2.81,2.51,2.48,2.63,2.5,2.39,2.89,2.59,2.65,2.4,2.72,2.65,2.48,2.59,2.58,2.06,2.62,2.89,2.3
263,3.15,3.29,3.32,3.21,3.23,3.27,3.25,3.03,3.36,3.25,3,3.4,2.5,3.44,3,3.5,3.75,0,3.5
264,4.24,4.18,4,4,4.5,4.25,4,5,4,5,4,0,5,4.33,4.25,0,0,3,0
265,3.93,4.06,3.94,3.95,4.12,4.14,4.24,3.33,4,4,4,3,0,4.08,4.14,0,4.71,3.5,4.56
266,3.83,3.58,3.22,3.4,3.86,3.78,3.67,3.5,3.67,3.4,4,4,3.67,4.5,3.67,4.33,5,0,0
267,4.17,4.07,3.69,4,3.8,4.5,4.45,3.88,4.25,0,4.07,4,0,3.83,0,0,0,0,0
268,3.8,3.53,3.58,3.41,3.75,3.61,3.54,3.55,3.7,3.92,3.87,3.6,4.11,4.03,3.98,3.88,3.5,0,3.33
269,3.5,3.75,2.8,3.5,4,4,3.8,2,5,0,3.71,3,0,4,3,0,0,0,5
270,3.87,3.58,3.67,3.92,3.66,3.52,3.97,3.78,3.7,3.71,4.16,3.91,3.83,3.86,3.86,3.54,4,0,4.33
271,3.9,3.69,3.72,3.65,3.95,3.3,3.75,3.8,4,4.17,3.4,4.5,4.17,3.9,3.62,5,3,0,0
272,4,2.83,3.72,3.94,3.84,2,2.88,3.75,3.89,3.38,4.5,0,3.43,4,2,3.69,0,0,0
273,4.35,4.34,4.27,4.4,4.44,4.32,4.23,4.25,4.66,4.5,4.31,4.4,4.4,4,4.7,4.17,0,0,0
274,3.5,3.66,3.62,3.5,3.21,3.25,3.63,3.25,3.43,3,3.38,3.3,3,3.75,0,0,3.5,0,0
275,4.42,4.51,4.36,4.09,4.64,4.53,4.18,4.3,4.8,4.63,3.69,3.67,4.73,4.57,5,4.62,4.4,4.69,3.75
276,2.25,2.77,2.81,2.8,2.5,2.67,2.57,2.75,2.38,3.12,2,3,3.17,3.5,0,2.5,3.5,0,0
277,4.28,3.54,3.93,3.86,3.88,4.1,4.1,3.91,4.19,4.1,3.75,4,4.28,5,0,3.75,0,0,0
278,3.61,3.39,3.5,3.86,3.5,3.64,3.89,3,3.5,4,3.75,0,0,3.5,3.75,0,2,4.5,3
279,3.44,2.9,3.1,3.36,3.2,3.46,2.69,3.38,2.6,3,3.25,3,3,3.83,3,3,3,0,0
280,4.58,3.89,4.29,4.25,4.5,4.35,0,4.5,3,3.67,0,0,3.5,4,4,0,4,0,0
281,4.19,3.75,3.67,3.78,3.92,4.2,3.96,3.56,4.5,4.25,4.11,4.17,4,4.27,4.2,3.5,3.5,4,3.5
282,3.63,3.54,3.65,3.34,3.82,3.33,3.48,3.25,4.35,4.17,3.62,3.75,4.38,4.21,1.3,4.5,3.33,0,0
283,3.79,3.79,3.32,3.45,3.62,3.55,3.78,3.33,3.5,3.81,2.85,2.5,4.06,4.35,3.67,3.33,3,4.18,3
284,3.58,2.62,3.53,3.77,3.5,2.89,3.44,3.8,3,2.25,4.25,1.5,3,0,2.5,0,0,0,0
285,3.57,3.03,3.1,3.33,3.1,3.19,3.39,3.26,3.22,3.16,3.55,3.12,3.52,3.47,3.35,3,3.6,0,2
286,3.3,2.89,3.23,3,3.23,3.2,3,3.25,2.75,2.89,2,2.8,3,0,3,5,2.33,0,0
287,4.48,4.51,4.61,4.65,4.53,4.64,4.79,4.48,4.57,4.44,4.78,4,4.56,4.79,4.62,4.61,4.62,4.5,4.5
288,3.74,4.07,3.71,3.62,3.64,4,3.69,3.9,3.38,3.43,3.33,5,3,4.6,3,3.33,3.6,0,0
289,4.19,3.67,2,0.5,4,4.38,3,0,3.83,3.86,0.5,0.5,4.33,0.5,4.5,0,4.5,0,0
290,4.5,3.97,4.44,4.42,4.02,3.8,4.56,4.6,3.56,3.62,4.62,4.62,4,4.67,0,4.38,0,5,0
291,4.28,3.92,4.22,4.24,4.4,3.62,4.32,4.53,4.38,4.2,4.4,4.12,4.1,4.42,4.3,5,3.9,0,0
292,4.09,3.92,3.81,3.81,3.89,4.17,3.96,3.91,4.06,4.16,3.92,3.62,3.96,3.79,4.06,3.9,2.75,0,4.5
293,3.59,3.69,3.57,3.25,3.6,3.9,3.5,3.21,3.3,2.93,2.3,2.86,3.42,3.5,2,0,0,0,0
294,3.52,3.65,3.48,3.48,3.55,3.7,3.74,3.55,3.65,3.62,3.62,3.49,3.63,3.6,3.72,4.08,3.39,4,3.5
295,3.97,3.71,4.03,4.01,4.07,3.92,3.88,4.06,3.92,3.93,3.92,3.8,4.06,4.25,3.92,4.3,4.25,3.25,3
296,4.5,3.92,4.67,5,4.07,3.79,5,5,4.83,4.75,2.75,0,5,0,4.5,5,0,0,0
297,4.09,3.36,3.57,3.47,3.48,3.81,3.67,3.53,3.56,2.7,4.28,4,3.86,4.35,3.25,3.33,4,3,0
298,4.81,4.91,4.69,4.84,4.62,5,4.78,4.83,4.75,5,5,4.67,5,5,0,4.67,0,0,0
299,4.22,4.12,4.15,4.13,3.76,4.02,4.19,4.08,4.12,3.25,4.11,4.12,4,4.54,4.25,2.75,4.61,4.44,4.42
300,4.2,3.55,4.21,4.03,4.05,4,3.92,4.2,3.62,2,4,3.67,2,4.67,2,4.5,3,0,3
301,3.95,2.83,0.5,3.5,2.43,4.7,5,3.75,4.5,2,4.75,4,3.5,0,3.25,0,0,0,0
302,3.4,3.21,3.15,3.4,3.33,3.5,3.4,3,3.4,3.44,0,5,3.5,3,3.6,3.5,4,0,0
303,3.66,3.62,3.41,3.49,3.81,3.54,3.68,3.72,3.76,3.46,3.24,3.33,3.33,3.89,3.75,3.5,3.83,4.12,0
304,4.14,3.59,3.37,4.32,3.24,3.43,4.27,3.98,2.42,2,4.62,3.75,2.94,3.56,2.83,2.7,0,4.54,0
305,3,2.22,2.36,2.86,2.1,2.5,3,2.5,1,1,3,0,0,4,0,0,3,0,3.25
306,3.51,3.41,3.36,3.41,3.4,3.42,3.56,3.31,3.38,3.5,3.41,3.24,3.57,3.47,3.41,3.8,3.12,2.8,3.4
307,4.31,4.26,4.27,4.25,4.29,4.5,4.34,4.5,4.5,0,4.32,0,0,4.38,0,4,4.5,4.5,4.5
308,3.91,3.54,3.13,3.3,3.09,3.62,2.33,2,2.33,2.5,3.2,3.07,0,4,3.5,3,4,0,0
309,4.14,4.36,4.09,4.24,4.3,4.25,4.2,4.1,4.33,4.67,4,4.33,4.6,4.39,5,4,4.33,4.38,4
310,2,2.89,2.9,3.5,1.7,2.5,3.5,2.44,2.5,1.5,2.75,2.83,1.5,1.5,0,0,0,3.5,0
311,3.12,2.96,3.03,3.04,3,3.06,3.04,2.85,2.59,2.81,2.79,2.29,3.08,3.41,3.1,3.88,3.12,3.5,2.67
312,3.55,3.19,2.75,3.2,2.74,3.41,3.65,2.63,3.04,2.79,3.25,3.22,3.29,3.38,3.67,2,1.5,4.25,3.67
313,3.53,3.41,3.55,3.39,3.67,3.49,3.44,3.19,3.59,4.02,3.34,3.48,4.12,4.07,4.3,3.8,3.33,3.83,1
314,4.32,3.83,4.56,4.33,4.32,4.25,4.38,4.46,2,2.25,4.25,4.5,2.83,4.5,0,4.83,0,0,0
315,2.54,2.53,2.08,2.12,2.12,2.05,2.7,1.62,4,2.33,3,3,2,4,2.4,1,5,0,4
316,3.37,3.63,3.69,3.63,3.81,3.31,3.5,3.62,3.89,3.5,4,3.25,3.46,3.21,3.5,3.79,0,0,0
317,3.44,2.71,3.6,3.5,3.7,3.67,3,4.2,3,3,0,0,3,4,3,3.5,3,0,0
318,3.27,3.18,3.43,3.68,3.15,3.44,3.38,3,2.75,2.4,4,3,2.67,2.5,3,0,0,0,0
319,3.29,3.38,3.4,3.33,3.6,3.2,3.5,3.4,0,0,0,3.67,0,3.5,0,0,3,0,0
320,3.84,3.5,4,4.21,3.55,3.56,3.91,3.78,3.5,3.3,3.94,3.5,3.25,4,3,3.9,0,3.5,0
321,3.9,3.8,2.8,3.57,2.67,4.11,3.52,2,4.14,4,4.06,3,4,4.33,5,0,4,0,4.3
322,3.72,3.4,2.75,3.71,4,4.17,4,3.67,0,0,3.77,5,0,0,5,0,0,0,4.17
323,4,3.61,3.33,3.38,3.88,3.89,3.8,3.25,4,3.5,3.25,0,3.5,4.67,3.5,0,0,0,0
324,3.52,3.58,3.38,3.35,3.5,3.57,3.59,3.32,3.78,3.91,3.44,3.25,3.77,3.55,3.92,3.41,3.5,3.5,0
325,2.5,2.88,2.38,2.3,2.12,2.25,4.5,3.25,1.5,1.5,0,2,1.5,0,1.5,0,0,0,0
326,3.36,3.75,3.55,3.67,3.47,4.67,4.33,3.29,4,4.14,4.33,0,4,5,4.5,0,3.5,0,0
327,4.05,3.95,4.15,4,4.27,3.62,4.14,4.22,3.38,4,4.12,4.3,4.12,4.5,3.8,4.25,0,0,0
328,3.37,3.49,3.43,3.38,3.41,3.5,3.58,3.37,3.53,3.44,3.58,3.08,3.41,3.57,3.39,3.38,3.17,3.25,3.5
329,4.33,3.57,3.92,3.8,4,4.17,5,4.2,3.67,4,3.5,0,5,0,3,0,0,0,0
330,3.74,3.04,3.31,3.17,2.38,3.7,3.11,3,3,3.2,3.23,1.67,3.33,4.4,3.25,3,0,5,2.75
331,4.3,3.21,4.25,4.17,3.75,4,3.57,2.83,3.33,5,4,3.5,4.5,4.5,4.67,0,0,0,0
332,3.57,2.67,3.18,4,1.17,2,4.58,1.75,2.25,1,3,4.12,1.5,0,0,0.5,3.5,0,5
333,4.29,4.26,4.32,4.56,4.17,4.2,4.57,4.5,4.05,4.12,4.67,4,4.03,4.7,4.17,4.31,0,4.5,0
334,4.13,4.12,4,3.92,3.73,4.25,4.18,3.75,3.6,3.92,4,0,3.92,4.67,0,3.17,5,0,0
335,3.79,3,2.6,2.88,2.93,3.33,3.75,2.5,3.5,2.5,4,0,0,4.12,2,0,0,0,3.75
336,3.53,2.8,3,3.2,3.57,3.67,3,3.33,4,4,2.67,1,2,4.33,4,0,5,0,4
337,3,2.5,4,2.18,4.5,1,4,4.5,2.67,0,2,1.64,0,0,0,0,0,0,0
338,3.48,3.41,3.31,3.29,3.3,3.44,3.62,3.5,3.67,3.62,3.67,5,3.67,3.75,3.67,4,3,0,0
339,4.03,4.25,3.63,3.75,3.5,3.94,4.03,3.38,3.7,0,4.25,0,0,4.25,3.5,3.21,3.75,0,0
340,4.21,3.67,3.55,3.79,3.9,4.67,4.45,2.9,4.5,3.75,5,3.5,3.75,4,5,4,4,0,0
341,3.91,4.5,2.75,2.83,2,3.9,3.5,0.5,1,0,3.5,1,0,4,3,0,0,0,0.5
342,4.22,4.07,3.69,4.16,3.94,4.24,4.21,3.54,4.17,3.7,4.44,4,3.67,4.47,3.88,5,4.5,4.33,4.33
343,3.57,3.94,4.44,3.85,4.44,3.22,3.89,4.4,4.67,4.75,3.8,4,4.67,2,4.5,0,0,0,0
344,3.92,3.58,3.31,3.35,3.6,3.59,3.56,3.44,3.23,3.11,4,3.17,3.83,4.36,3.38,3.5,3.86,0,0
345,3.91,3.62,3.55,3.7,3.75,3.62,3.83,3.51,3.68,4.2,3.86,3.18,4.4,4.32,4.06,4,4,3.75,4.25
346,3.01,3.6,3.77,3.54,3.61,3.22,3.46,3.47,3.54,3.32,2.95,3.11,3.23,2.44,2.07,2.79,3.17,0,3
347,3.75,3.5,4.09,3.5,4.04,2.75,3.83,4.21,3.81,0,0,4,0,4.5,0,3.5,0,0,0
348,3.62,3.93,3,4.45,5,3,3,4,3,0,5,4,0,3.5,0,0,0,1,5
349,3.86,4,3.29,3.33,3.2,4.5,3.33,3.17,0,3,0,4,0,5,0,0,0,0,0
350,3.94,3.81,3.72,3.81,3.84,3.77,4.37,3.77,4.08,3.78,3.54,3,4,4.08,2.6,4,3.75,3,0
351,4.22,4,4.08,4.14,4.33,4.2,4.25,4.17,4,0,5,5,0,3.5,5,0,4,0,0
352,3.78,3.83,3.99,3.88,3.99,3.82,3.88,3.76,3.88,3.78,3.5,3.5,3.84,4,4,3.9,4,0,3
353,2.84,2.48,2.65,2.59,2.59,2.58,2.89,2.5,2.47,2.4,2.85,2.33,2.6,2.89,2.65,3,2.95,3.12,4
354,3.89,3.83,3.79,3.55,3.46,3.87,4,3.67,4.09,3.89,0,4,3.57,3.75,3.75,3.5,3,0,0
355,3.78,3.57,3.4,3.56,3.64,3.48,3.8,3.56,3.44,3.61,3.67,3.47,3.78,3.78,3.75,3.5,3.83,3.83,4.5
356,2.61,3.67,2.75,2.5,0,3,2.5,3.5,0,0,2.5,3.17,0,1.75,0,0,0,0,0
357,4.27,4.2,4,4.25,4.12,4.8,4,4,4.6,4.44,5,5,4.88,4,4.8,5,3,5,0
358,3.64,2.97,2.97,3.04,3.19,3.29,3.19,2.85,3.09,3.33,3.45,2,3.81,3.83,3.53,4.33,2.4,4.43,4.5
359,3.86,2.88,3.33,3,3.33,3.5,4,2.83,3.5,3.2,0,0,4.5,3.88,4.5,4.5,3,0,3.5
360,3.88,3.33,3.25,3.93,3.33,3.33,3.83,3.67,2,3,4,4.25,0,5,0,0,0,0,4
361,3.44,3.38,3.85,3.45,3.9,3.81,3.33,4.17,3.88,3.9,3,3,3.67,4.33,4,0,0,0,0
362,3.76,3.9,3.77,3.9,3.64,3.96,4.2,3.85,4,4.25,3.78,3.85,4.19,3.61,4,3.88,0,3.25,5
363,3.88,3.76,3.27,3.38,3.57,3.77,4.25,3.36,3.96,3.89,3.82,3.43,3.94,3,3.96,4.5,2.33,4,4
364,3.46,3.86,1.94,0.75,2.62,3.75,3.17,1.56,3.45,3.57,2.5,0,3,2.75,4.33,1.38,0,4.75,0
365,4.14,4.12,4.19,4,4.39,4.29,3.88,4.17,3.38,3.88,3.8,3,4.38,4,4.42,3.92,5,0,0
366,2.67,3.67,4,3.33,3.78,4.17,3.75,3.67,3.5,3.65,0,3.25,3.65,0,3,5,4,0,0
367,3.43,3.4,3.33,3.35,3.28,3.41,3.32,3.2,2.93,3.5,3.42,3.5,3.75,3.86,2.67,3.5,2.5,0,0
368,4,3.86,3.67,4.2,3.75,3.6,3,4,4,4,5,3.75,5,3,4,0,0,0,0
369,4.1,3.56,3.32,3.52,3.33,3.91,3.36,3.38,3.5,3.6,3.75,4,4,5,4,4,4,0,0
370,4.18,3.98,3.78,4.02,4,3.92,4.09,3.77,4.44,4.5,4.21,4.12,4,4,3.5,3,4,0,4.75
371,4.03,3.91,3.36,3.93,3.25,4.14,4.02,2.85,3.21,4.07,3.83,3.83,4.07,4.15,4,3.04,4,0,1
372,3.58,3.8,3,0,4,4,3,2,2.5,0,0,0,0,4,3.86,0,0,0,0
373,3.94,3.28,3.4,3.82,2.89,3.55,3.48,2.8,3.5,3.29,3.45,3.56,3,4.13,3,0,4,4.75,4.5
374,4.09,2.93,3.56,3.9,2.75,2.62,4.5,3,2.6,3,3.5,3,3,4,2,4,0,0,0
375,4.22,2.67,3.75,4.15,3.2,3.5,4.17,3.5,1,1,0,5,1,3.5,1,3,3,0,0
376,4.02,3.55,3.33,3.33,3,3.94,4.18,0,3,3,3.33,5,3,4.25,4,0,4,0,3.75
377,3.67,3.16,3,4,3.71,3.1,3.25,4,3.5,3.67,0,5,3.33,0,3.75,4.75,0,0,0
378,3.69,3.11,2.14,3.12,1.55,3.21,3.28,2.62,3.29,1.64,3.43,3.1,1.64,4,3.08,1.9,4.5,4,4.5
379,3.83,3.42,3.38,3.64,3.39,3.89,3.73,3.73,3.75,3.62,3.5,3.1,3.67,4.14,0,4,0,0,0
380,3.48,3.24,3.34,3.35,3.5,3.22,3.46,3.3,3.36,3.33,3.54,3.18,3.7,3.82,3.25,3.46,3.54,3.86,3.9
381,3.39,3.48,2.32,2.21,3.38,3.74,2.5,2.4,4.67,4.13,2.33,2.1,4.58,3.33,4.83,5,3,0,0
382,3.11,3,2.97,2.3,3.48,3.08,2.39,2.47,3.54,3.61,2.67,1.67,3.64,2.33,3.49,3.74,2,3.29,0
383,3.48,3.5,3.23,3.41,3.5,3.18,3.45,3.75,3.67,4.33,4,0,5,3.33,3,4,0,2,0
384,3.27,3.2,3.27,3.19,3.32,3.22,3.37,3.3,3.02,3.27,3.27,3,3.29,3.16,3.14,3.62,3.33,0,4.5
385,3.76,3.39,3.19,3.91,3,3.4,4.09,3.08,2.83,3,3.8,3.4,0,3.83,0,4,2.4,2,0
386,3.33,2.58,2.54,2.72,2.67,2.86,3.2,2.46,2.71,2.5,3.17,2.35,2.8,3.6,3.33,0,0,0,0
387,4.28,4.12,4.25,4.23,4.22,4.26,4.24,3.6,4.31,4.45,4.33,4,4.6,4.35,4.17,0,4.09,5,4.36
388,3.79,3.51,3.55,3.5,3.67,3.56,3.63,3.54,3.49,3.57,3.63,3.37,3.81,4.08,3.91,3.94,3.66,4.1,4.05
389,3.76,3.26,3.6,3.75,3.8,3.43,3.29,3.29,4,3.8,3,2.5,4,4.25,4,4,3.25,0,0
390,3.29,3.25,3.42,3.33,3.56,3.85,3.32,3.48,3.09,2.67,2.57,2.17,2,2.6,0,0,3.67,0,0
391,3.67,3.81,3.85,3.32,3.18,3.7,3.6,2.5,2.25,2.67,4.4,1,0,3.9,1,2,4,5,4.4
392,3.33,2.79,4.25,2.5,1.83,3.44,4.33,4,3,2.4,1,1.5,2.5,0,2.12,4.5,0,0,0
393,3.28,3.16,2.75,2.7,2.33,3.91,3.08,2.5,1.83,2.33,1.5,2.5,2.5,3.75,2.88,0,2.25,4.75,0
394,2.41,3.11,3.36,3.31,3.38,2.87,3.2,3.67,3.2,2.46,3.33,1.65,2.18,1.19,2.32,3.86,2,1.69,2
395,2.89,2.8,3.31,2.62,3.5,2,2.33,3.56,0,4,1,2.5,0,3,0,0,0,0,0
396,3.29,3.07,3.26,3.41,3.43,3.37,3.5,3.19,3.3,3.25,3.6,3.5,3.33,3.33,3.44,4.33,3.6,0,0
397,3.56,3.43,3.52,3.31,3.76,4.12,3.38,3.42,4.14,3.76,4,2.67,3.84,4.5,0,3.83,4,3,0
398,3.89,4.04,4.17,3.89,4.17,4.57,4,4.2,4,3.62,4,4,3.5,3.33,4.17,0,5,0,0
399,3.5,3.57,2.67,3,2.75,3.75,4.25,3,0,2,3,4,3,0,3,0,0,0,0
400,3.68,3.48,3.26,3.58,3.5,3.6,3.71,3.33,3.71,4,3.75,4,4.2,3.8,4.2,4,3.5,0,0
401,4.76,4.29,4.38,4.25,4.45,4.5,4.5,4.6,4.17,3.83,4,4.35,4.6,4.5,5,0,3,0,0
402,3.79,3.67,3.55,3.4,3.64,3.87,3.66,3.62,3.7,3.54,3.69,3.42,3.65,3.65,4,3.54,3.25,4,3.5
403,3.6,3.86,4.33,3.62,4,4,3.75,4,4.2,4,3.33,4.12,4,0,0,0,0,0,0
404,3.71,3.57,3.44,3.36,3.5,3.29,4,3.8,3.5,3.33,3.33,3.5,5,0,4,0,3,0,0
405,3.65,3.58,3.55,3.41,3.68,3.6,3.8,3.59,3.83,4.07,3.38,3.17,3.69,3.81,3.79,4.67,3.9,4.83,3.75
406,4.26,4.26,3.68,4.4,4.02,4.37,3.72,3.5,4.53,3.94,4.19,1.83,4.2,4.5,3.5,4.25,4.5,5,5
407,4.22,4.21,3.79,3.98,3.8,4.15,4.06,3.82,4.21,4.33,4.06,3.62,4.72,4.29,4.55,4.06,5,4.5,4
408,3.82,3.43,3.8,4.2,3.38,3.96,3.86,4.21,3.04,3.11,4.3,3.35,3,4,3.18,3,2.6,4,4.2
409,4.35,4.5,2.9,3.57,3.67,3.89,3.79,3.33,5,5,3.25,1,5,4,4,4,4,0,0
410,2.88,3.68,4.58,3.86,4.62,4.62,2.9,4.75,5,3.67,4.83,0,4.75,3.5,0,0,0,0,0
411,3.67,2.75,3,3.6,3,3.33,4.14,4,4,0,4.5,3.75,0,3,0,0,0,0,0
412,3.14,2.84,3.07,2.79,3.37,3.07,2.81,2.68,3.06,3.62,3.18,2.71,3.82,3.17,4.5,4,0,0,0
413,3.62,3.71,3.91,4.1,3.88,3.71,3.75,4.5,4,4,4,0,0,0,4,0,4,0,0
414,2.82,2.66,1.83,2.31,3,3.23,3,2.5,2.4,3,2,1.75,3,3.2,3.5,0,0,0,0
415,4,3.5,4.21,4.25,3.92,4,3.83,4.33,3,3.33,5,0,3,4,3,3,3,0,0
416,3.34,3.14,3.19,3.28,3,3.41,3.33,2.9,2.83,3,3.33,3.4,3,3.67,3,3,3,5,0
417,3.96,3.61,3.76,4,3.55,3.82,3.88,3.5,3.74,2.97,3.88,4,3.33,3.86,2.62,3.38,4,4.75,3.5
418,3.74,3.57,3.49,3.51,3.63,3.79,3.26,3.38,3.5,3.63,3.54,3.44,3.69,4.33,3.14,4.07,2.25,3.5,3.5
419,3.65,3.52,3.18,3.21,3.36,3.55,3.31,3,3.36,3.72,4.33,4,3.79,4.17,3.5,0,4,4.5,0
420,3.73,3.94,4,3.82,3.72,3.92,3.62,3.78,3.76,3.58,4.12,3.8,3.36,3.83,3.84,4,4.5,0,3
421,3.39,2.73,2.71,2.85,2.83,3.2,2.83,2.17,2.2,2.71,2.5,2.5,2.75,4,3,3.33,3.33,0,0
422,4.25,4.09,3.13,3.7,3.77,3.96,4.35,3,4.33,4.38,3.88,3.4,4.33,4.6,5,0,4,4.5,5
423,3.71,3.46,3.42,3.59,3.33,3.28,3.88,3.4,3.58,2.97,4.1,3.83,3.67,3.67,3.27,4.17,4.03,4.04,4.42
424,3.69,3.03,3.67,3.9,2.38,2.3,3.38,3.5,2.75,4.5,4,4.5,4.17,3,0,0,3.5,0,3.5
425,3.68,2.98,3.5,3.44,3.56,1.58,3.61,2.86,3.83,3.79,3.6,4.33,3.79,4.38,4,0,3.62,0,3.5
426,3.42,2.97,3.44,3.36,3.52,3.1,3.37,3.37,3.65,3.32,3.48,3.23,3.07,3.75,2.8,3.7,2.5,0,4
427,3.83,3.76,3.57,3.77,3.7,3.93,3.99,3.31,3.75,3.79,3.38,3.75,3.75,3.96,3.83,1.75,4.25,4.29,5
428,4.1,3.72,3.61,3.85,3.52,3.27,4.44,3.63,3.61,3.48,4.39,3.14,3.83,4.07,3.61,3.5,4,4.33,0
429,2.26,2.33,2.5,2.27,2.12,2.9,2.12,2.5,2.36,2.5,2.21,2.33,2.5,0,0,0,0,0,0
430,4.1,3.99,3.75,4.01,3.74,3.9,4.09,3.85,4.01,3.96,4.52,4.05,4.31,3.83,3.96,3.67,4,4.4,4.38
431,4.31,3.82,4.06,4.17,4.03,4.08,4.29,4.17,4.02,4,4.29,3.22,3.5,4.29,3.55,4.38,3,4.62,4.75
432,4.43,4.37,4.57,4.43,4.27,4,4.48,4.09,4.62,4.5,4.85,3.64,4.5,4.6,4,4.5,0,0,5
433,3.93,3.83,3.59,3.9,3.91,3.59,3.75,3.68,4.31,3.96,3.86,4.12,4,3.73,4.12,3.38,4.38,4.25,4
434,3.7,3.67,3.36,3.52,3.25,3.92,4.03,3.13,4,3.86,4,3.5,4.33,3.83,3.8,4,3.67,4.25,4.17
435,3.83,4.1,4.57,4,4.33,3.67,3.5,4.78,0,4,5,4,4.33,4.5,3,0,0,0,0
436,4.22,3.92,4.4,3.89,4.25,3.94,4,4,3.67,2,4,3.5,0,4.56,4,0,5,3,0
437,4.29,3.75,2.8,4,3.5,3.5,4,2.33,4,3.55,0,3,3.55,0,3.86,5,3.5,4,0
438,4.42,4.2,4.2,4.67,3.83,0,4.75,4.5,4,4,4.6,0,4,4.25,0,4.67,4.5,0,0
439,3.31,2.99,2.96,3.11,2.86,3.22,3.48,2.84,2.61,2.73,3.33,3,3.5,3.43,3.33,4,1,0,3
440,4,3.29,3.83,3.56,4.09,3.6,3.7,3.67,3.43,3.57,3.67,3.5,3.75,4.33,3.67,4.33,4,0,0
441,3.9,3.81,3.31,3.76,3.82,3.54,4.05,4,3.33,4.17,4,3.5,3,3.77,3.12,3.5,3.5,4.42,4
442,4.24,4.3,4.11,3.96,4.17,4.19,4.23,4.2,4.17,4.22,3.88,4.62,4.2,4.47,4.33,4.21,4.6,4.3,4
443,4.89,4.75,4.82,4.88,4.94,4.83,4.67,4.83,4.96,5,5,4.75,4.91,4.75,0,4.5,0,0,0
444,3.9,2,2.5,3.5,2.67,4,4,0,3,1,3.5,3,1,4,3.5,0,0,0,4
445,3.65,3.75,3.38,3.17,2.5,4.75,3.67,3.25,4,3,3.75,3.17,0,5,0,0,0,0,0
446,4.75,0,4.62,4.59,4.64,4.75,4.8,4.44,4.72,4.5,4.33,0,4,4.75,0,4.5,0,0,0
447,3.26,2.79,3,3.09,3.18,3.1,3.06,2.86,3,3,3,3,3,3.75,2.8,3.33,3,2,0
448,4.33,3.67,5,5,4.79,3,5,5,4.25,3,5,5,3,3,0,5,0,0,0
449,4.42,4.17,4,4.31,4.14,4.33,4.67,4,3.5,4.33,4,5,4.33,5,4.33,4,5,0,0
450,4.4,4.64,3.7,4.49,3.31,4.27,4.67,3.78,3.41,3.7,4.58,4.62,4,4.56,4.33,3.67,5,4.75,4.62
451,3.42,3.4,4.57,4.67,4,3.53,4.67,4,3,3.5,5,0,0,4,2,3,0,4.25,4
452,3.37,2.96,2.95,2.99,3.13,3.04,3.32,3.11,3,3.18,3.06,2.65,3.03,3.6,3.03,4,3.17,3.77,3.53
453,3.73,3.65,3.56,3.81,3.57,3.6,3.93,3.65,3.55,3,0,4,3.5,3.5,4,0,4.4,0,0
454,4.47,4.3,4.7,4.82,5,5,4.69,4.4,0,0,5,4,0,3.67,0,5,5,0,0
455,3.11,3.45,3.86,3.91,3.85,3.67,3.73,4,3.5,3.17,4,3.5,3.17,3.5,3.5,3.5,0,0,0
456,3.86,3.91,3.97,3.76,3.91,4.08,3.75,3.93,3.78,3.5,3.1,2,3.82,4,0,3.8,4,0,0
457,3.04,2.35,1.96,2.61,1.9,2.57,2.91,2.05,2.12,1.71,2.91,2.32,1.88,2.19,2.25,1.21,2.05,2.77,3.5
458,3.84,3.45,3.57,3.52,3.67,3.73,3.56,3.53,3.91,3.29,3.67,4,3.2,4,3.25,4,3.5,0,0
459,3.8,4,4,3.7,4.11,4,4,4.4,4.75,5,4,0,5,0,5,0,0,0,0
460,3.6,3.8,3.61,3.68,3.74,3.73,3.93,3.77,3.78,3.74,3.7,3.43,4.1,2.9,3.64,4,3.9,3.67,4.08
461,2.94,2.97,2.76,2.66,2.81,2.86,3.06,2.72,3.01,3.04,2.82,2.68,3.26,2.76,3.05,3.14,2.81,3.25,3.43
462,3.44,3.28,3.5,3.57,3.08,3.33,3.5,2.92,3.3,0,3.83,3,0,4.5,3,0,3.5,4,0
463,3.43,3.29,3.22,3.27,3.22,3.4,3.51,3.24,3.24,3.5,3.27,3.34,3.73,3.57,3.6,4,3.43,0,3.5
464,4.29,4.18,4.13,4.4,4.56,4.57,4,3.67,3.67,4.6,4.5,3.5,4.67,0,5,5,4,0,0
465,4.11,3.59,3.75,4.5,4.17,3.82,4.64,3,4.17,3.9,3.5,0,4,0,2.5,4,0,0,0
466,4,3.62,3.58,3.54,3.62,4.02,3.71,3.3,3.83,4.26,3.79,4.25,4.45,4.38,4.33,4.67,3.8,4.33,3
467,4.02,3.62,4,4.38,3.4,4.3,4.1,4.5,4,0,4.33,4,0,3,0,0,3.5,0,0
468,3.08,2.84,2.53,2.8,2.74,2.83,3.03,2.68,2.87,2.83,3.03,3.04,3.08,3.3,3.11,2.78,2.96,3.62,3.59
469,4,3.09,3.67,4,4.33,3.31,4.5,3.25,4.25,2,4,5,2.83,0,5,0,0,0,0
470,3.31,3.38,3.25,3.12,3.42,3.3,3,3.4,3.32,3.38,3.61,3.16,3.8,4,3.2,0,0,0,3.31
471,3.7,3.45,3.76,3.51,3.9,3.48,3.81,3.58,3.92,3.61,3.65,3.26,3.85,3.75,3.71,3.9,4.5,3.83,0
472,3.68,3.74,3.67,3.77,3.78,3.66,3.89,3.69,3.76,3.68,3.75,3.96,3.76,3.88,3.64,3.42,3.98,4.4,4.42
473,4.66,4.18,4.29,4.44,4.33,4.6,4.29,4.38,4.61,4.69,4.5,4,4.79,5,5,4.61,5,5,5
474,4.11,3.93,4.09,3.75,3.8,4.5,4.4,3.8,4.5,4.33,0,3.8,4.5,3.5,4.11,5,4.5,0,0
475,3.37,2.44,2.66,2.73,2.63,2.82,2.93,2.76,2.45,2.39,3.08,2.39,2.68,3.36,3.05,2.66,2.5,3.3,4
476,3.79,2.89,2.73,2.8,2.67,2.83,3.75,2.38,3,2.5,3,2.56,3.5,0,4,0,1,0,0
477,0.88,3.92,3.45,2.75,2.89,0,2.17,3.67,2.25,1.25,1,1,0.5,0,0.5,4,4,0,0
478,4.37,4.25,4.22,4.2,4.33,4.14,4.5,4.27,4.64,0,4.4,0,0,4.7,0,4.44,4,0,4.5
479,4.3,4.03,4.24,4.29,3.93,4.5,4.33,4.1,3.55,3.68,4.35,3.7,3,4,0,4.75,4,4,0
480,3.9,3.84,4.05,4.07,4.06,3.69,4.14,4.22,4.02,3.79,4.12,4.18,3.88,4.14,3.38,4.23,4.12,4.12,4.75
481,4.27,3.9,3.84,4.1,3.86,4.02,4.34,3.82,4.1,4.11,4.23,3.95,4.18,4.25,4.19,3.5,4.57,4.41,4.7
482,3.57,3.53,3.7,3.16,4,4.5,4,4,4.17,3,3.4,3.82,0,0,0,0,0,0,0
483,3.68,3.42,3.45,3.73,3.19,3,4.04,3.31,2.67,2.5,4.06,4.28,2.5,4.5,2.5,2.64,4.5,0,4.5
484,4,3.29,4.33,4.33,3.8,3.6,0,4.75,3.75,3.5,4.5,4,3,4,4,0,0,0,0
485,3.5,3.75,2.5,3,3.88,3.67,3.3,3,3.5,3.83,2.5,3.33,0,0,4,0,0,0,0
486,3.64,3.86,3.24,3.43,3.65,3.7,3.62,3.27,4.23,4,3.43,3.8,4.06,4.33,3.33,2.86,4.17,0,5
487,3.99,3.55,3.62,3.83,3.91,3.77,3.6,3.62,3.55,3.56,4.25,3.83,4,4.29,4,4.33,5,0,0
488,4.11,4.12,3.61,4.13,3.88,4.1,4.09,4.42,3.96,4,4.38,4.5,4.45,4.25,4.5,0,0,4,0
489,3.79,4.18,3,3,3.5,4.25,3.67,3.25,4,4,3.5,4,4.33,4,5,0,0,0,0
490,3.67,3,4,3.92,3.56,3.5,3.8,3,2,1,3.67,0,1,0,1,0,0,0,0
491,3.78,3.5,3.11,3,3.43,3.47,3.8,2.67,4.33,4,4,3.25,4,4.5,3,0,3,0,0
492,3.7,3.23,3.67,3.17,4.67,3.58,3.27,5,4.6,2.5,3.22,2,0,3,3,0,0,4,4
493,3.66,3.46,3,3.9,3.33,3.56,3.5,3.67,3.5,3.2,4.33,3.33,2.33,3.43,2.17,0,3,0,4
494,4.24,3.74,3.82,4,3.92,3.67,4.25,4.1,3.5,4,4.25,4.5,4,4.12,3.25,3.5,4.25,0,0
495,4.36,4.25,3.9,4,4,4.25,3.5,4,4.33,4.33,4,3,4,4.5,4,4,5,0,0
496,4.1,3.44,4.12,4.1,3.9,3.96,4,4.45,3.5,3.55,3.86,3.83,4,4.8,4,4.33,4.5,0,0
497,3.79,3.67,3.55,4,3.31,3.64,4,3.4,3.3,4.5,3.83,4,0,3.17,3.67,0,0,4.75,4
498,2.25,3.79,3,3.5,3.44,3.07,0,2.93,4.25,4.5,0,2,4.5,4,3.5,2.17,0,0,0
499,4.65,4,3.67,3.75,4.2,4.6,4.45,4,4,4,5,0,0,4.75,0,0,4,4,4.67
500,3.23,3.15,2.55,2.17,2.7,3.39,3,1.81,2.95,2.67,2.14,1.15,3.08,3.62,2.95,3,4,4,0
501,4.14,3.8,3.92,3.82,3.81,3.91,4,4,3.55,3.96,3.94,3.47,3.91,4.06,3.83,3.61,2,3.56,3
502,4,4.06,3.73,3.85,3.52,3.95,4.22,4.33,4,4,4.57,4,3.75,3.75,3.33,3,4,4,4.33
503,3.81,3.82,3.79,3.92,3.77,3.7,4.07,3.77,3.44,3.78,4,4,3.83,4,1,3.5,0,0,0
504,2.5,2.67,3.1,3.5,2.33,2,3.75,2.67,0,1,3.67,3,1,3,1,0,3,0,0
505,3.29,3.3,3.18,3.2,3.21,3.39,3.26,2.9,3.17,3.21,3.36,3.18,3.11,3.37,3.34,2.75,3.14,3,3.19
506,3.4,3.3,3.4,3,3.12,3.5,3.5,3.17,3.14,3.17,3,3,3.25,0,3.33,3,0,0,0
507,3.22,3.31,3.17,3.06,3.64,3.5,3.67,3.82,3.5,4,4,0,4.25,0,3.5,0,0,0,0
508,4.1,3.68,3.56,3.95,3.62,3.54,4.44,3.5,2.8,3.14,4,5,3,4.75,3.33,4,3,0,0
509,3.58,3.13,3.14,3.31,3.27,3.24,3.52,3.1,3.13,3.28,3.53,2.79,3.57,3.77,3.15,3.44,3.27,3.74,3.55
510,3.33,3.39,2.81,3.23,2.22,3.46,3.54,2.75,2.5,1.6,3.38,3,1,3.22,3,0,3,4,3.5
511,4.33,4.23,3.5,4.67,4.25,4.2,4.7,0,0,0,5,0,5,0,0,4,5,5,0
512,4.57,4,4.2,4.57,4.21,4.33,4.67,3.92,4,4,4.33,0,4,4.5,0,4.5,0,0,0
513,4.27,3.5,3.67,3.8,3.14,3.8,4.4,3.33,4,4,0,5,4,4.8,4,3.5,3,0,0
514,3.77,3.33,3.34,3.43,3.52,3.34,3.88,3.41,3.56,3.28,3.68,3.44,3.5,4.21,3.3,3,3.88,4.4,3.8
515,4.42,4,4.6,4.5,4.44,4,4.29,4.2,3.62,4.29,4.5,2.5,4,0,3.5,4.5,0,5,0
516,3.73,3.32,3.26,3.56,3.22,3.45,3.61,3.38,3.38,3.2,3.5,3.58,3.33,3.88,3.2,3.5,3.2,0,0
517,4.69,4.25,4.06,4.36,3.86,4.71,3.86,3.57,4.8,5,3,4,5,5,5,5,4.33,0,0
518,3.78,3.47,3.56,3.71,3.74,3.62,3.27,3.52,3.66,3.7,3.72,3.51,3.93,3.42,3.8,4.5,3.33,2,0
519,4.36,4.4,4.36,4.42,4.3,4.5,4.33,4.4,4.42,3.62,4.5,4.33,4.32,4.11,4.4,3.5,4.5,4.25,5
520,3.65,2.98,2.9,3.16,3.27,3.02,3.84,3.1,3.59,3.31,3.93,3.25,3.25,3.62,3,3.64,3,0,4.33
521,4.42,3.9,4.09,4.11,4.11,4.17,4.4,4,3.8,3.5,4.06,4.5,3.5,4.67,4,4.25,0,0,0
522,3.23,3.08,3.19,3.13,3.19,2.93,3.25,3.3,3.15,2.45,3.17,2.5,3,3.43,3.3,3.18,3.62,2.75,3
523,3.96,3.88,4.14,3.92,4.13,4.07,4.02,3.85,4.31,4.23,4.32,4.07,4.3,4.5,4.25,4,4.5,0,5
524,3.82,3.75,3.38,3.89,3.71,3.67,4.29,3.81,4.09,3.83,3.75,4,3.5,3,0,4.29,3.75,0,0
525,4,3.09,3.85,4.08,3.76,3.75,3.88,3.77,2.48,2.29,3.86,3.67,2.6,3.25,4,5,4.5,0,0
526,4.04,4,3.88,4.04,4.06,4.25,4.5,4.18,4,4.3,4,4.17,4.3,0,0,4.33,0,0,0
527,3.47,2.95,3.13,2.9,2.87,3.34,3.22,3.02,3.13,2.11,3.5,3.58,2,3.64,4.25,3,3.5,0,0
528,3.47,3.24,3.12,3.34,3.52,3.41,3.66,3.47,3.55,3.5,3.82,3.3,3.5,3.5,3.5,3.75,3.25,3.5,0
529,3.56,3.61,2.88,3.26,3.07,3.5,3.46,2.89,3.61,3.63,3.44,2.86,3.4,3.56,3.58,3.88,3.18,3.8,3.75
530,4.19,3.77,3.32,3.62,3.83,3.86,4.38,3.62,3.57,3.9,3,2,4.17,4.75,4.44,5,0,0,0
531,3.04,3.33,2.39,2.36,2.92,3.34,2.67,2.81,3.25,3.27,1.75,0.9,3.41,2.71,3.67,3.12,2.25,0,0
532,3.62,3.5,3.71,3.56,4.08,3.12,3.5,3.58,4.2,4,3.5,3.83,4.5,3.64,0,0,3.5,0,0
533,3.27,3.36,3.59,3.42,3.86,3.27,3.33,3.49,3,3,3.67,2.42,0,3.6,3,4,3,0,0
534,3.73,3.16,3.76,3.85,4,3.26,3.73,3.68,3.64,4,3.91,3.62,4.5,3.83,4.6,5,4,0,3
535,3.18,2.7,3.12,3.28,2.94,2.33,3.46,3,2.86,2.86,3,3.67,3,3.67,3,2,2.5,0,0
536,4.24,3.53,3.87,3.93,4,3.69,4.16,3.5,3.75,4.12,4.11,3.83,5,4,5,5,3.71,4.5,0
537,3.98,4.08,3.73,3.76,4.07,4.11,3.91,4,4.24,4.09,4.08,2.92,4.45,4.35,4.42,4,4,4,4
538,4,3.67,2.9,3.38,3.22,3.2,3.5,2.33,4,4,0,3,4,4,3.5,3.5,3.5,5,0
539,4,3.86,3,4,3.75,3.86,4,3,4,0,4,0,0,4,4.5,0,0,5,0
540,3.9,3.39,3.17,3.81,3.33,3.57,4,3.75,4,4,4.12,4,2.75,0,0,0,0,0,0
541,3.46,3.33,3.22,3.44,2.75,3,4.5,2.57,4,0,4,3.5,0,4,3,0,0,4,0
542,3.76,3.79,4.14,4.38,3.88,4,4.9,4.1,3.88,3.9,4.62,4.5,4.24,4,3.17,3.93,0,0,0
543,4.5,4.29,4.67,4.5,4.47,4.22,5,4.29,3.9,3.93,4.5,0,4.2,5,4,0,0,0,0
544,4.5,4.56,4.33,4.42,4.27,4.43,4.51,4.3,4.33,0,4.53,4.46,5,4.53,4.17,4.24,4.33,4.55,4.5
545,3.93,3.54,2.57,4.23,5,4,4.07,4,4.33,3.33,4,2.5,0,2,5,0,0,0,4
546,4.2,4.55,4.56,4.25,4.67,3.93,4.61,4.38,4.5,4.33,4.5,4,4.75,4.67,0,4.67,5,0.5,0
547,3.45,3.13,3.08,3.41,3.26,3.24,3.48,3.25,3.33,3.38,3.52,3.19,3.55,3.9,3.35,3.6,3.32,3.72,3.74
548,3.37,3.36,3.44,3.48,3.37,3.21,3.72,3.6,3,3.11,3.33,3.33,3.2,3.5,3,3,3.25,4,0
549,3.22,3,2.5,3,2.5,1.75,4,4,2.25,3,3.25,2,0,3,3,0,0,0,3.5
550,3.86,3.66,3.31,3.52,3.37,3.77,3.56,3.57,3.33,3.5,3.76,3.43,3.5,3.83,4,0,5,0,4.67
551,3.5,3.41,3.53,3.44,3.29,3.33,3.56,3.54,3.31,3.39,3.5,3.11,3.6,3,3.36,3.33,3.17,0,0
552,3.27,2.41,2.44,3,2.43,1.75,3.08,2.5,2.17,2.43,4,3.33,3.67,2.5,3.33,0,3,0,0
553,3.9,3.92,4.11,3.85,4.2,3.62,4.05,3.93,4.33,4.04,3.94,3.7,3.75,4.16,4,4.24,3.7,3,5
554,3.88,3.17,2.62,2.86,3.18,3.67,3.5,3.29,3.75,4,4,2.9,4,4.33,4,0,2,0,0
555,3.32,3.08,3.05,2.89,3,2.75,3.56,3.17,2.33,4,3.5,2.8,0,3.5,0,3,3,3,0
556,4.64,3.67,4.5,4.43,4.4,4,4.14,4.8,0,4,3,5,4,5,4,4.5,5,0,0
557,1.72,2.99,2.17,2.25,2.19,3.12,0.5,4,2.23,2.34,4,0,2.08,0,2.5,2.17,1,0,0
558,4.44,4.05,4.2,4.36,4.56,4.3,4.51,4.31,4,4.29,4.44,4.33,4.4,4.54,4.25,3,4.67,3,4.8
559,4.68,3.98,4.41,4.52,4.4,4.38,4.73,4.32,3.89,4.13,4.88,4.67,4.1,5,3.86,4.5,4.67,0,5
560,3.97,3.86,3.89,3.97,3.93,4,4.07,3.98,4.06,3.82,4.1,3.88,3.92,4.17,3.9,4.25,5,0,0
561,3.73,3.57,3.67,3.61,3.65,3.51,3.81,3.53,3.66,3.24,3.78,3.68,3.27,3.79,3.26,3.68,3.9,2.5,3.75
562,3.89,3.95,4.16,4.04,4.22,3.94,4.15,4.09,3.99,4.12,4,3.92,4.07,4,4.06,4.4,3.8,3.17,4
563,4.02,4.08,3.85,3.89,3.94,3.81,4.17,3.81,4.16,4.08,3.94,3.14,4.26,3.93,3.5,3.38,4.5,3.25,4.5
564,3.66,3.53,3.18,3.63,3.34,3.63,3.77,3.49,3.46,3.22,3.86,3.64,3.81,3.38,3.75,3.67,3.26,3.9,4.2
565,3.53,4.25,3.71,4.6,3.5,4.5,4,4.17,2,0,0,0,0,4,0,3,2,0,4
566,4.75,3.93,4.68,4.57,4.9,0,4.67,4.7,4.5,0,5,4.25,0,0,0,4.88,0,0,0
567,4.24,4.28,4.11,4.45,3.79,4.6,4.64,4.21,3.75,3.5,3.5,4.5,3.5,3.67,0,4.5,0,0,0
568,3.67,3.44,4.58,4.5,4.13,3.8,4.5,4.83,3.5,3.5,5,4,3.67,2.5,4,3.5,2,0,0
569,4.08,4.1,4.12,4.21,4.29,4.27,4.29,2,3.67,5,3.93,4,0,4.23,4.6,0,2,0,4.2
570,3.75,3.29,3.54,3.91,3.5,4.06,3.86,2.66,3.75,2.81,4.64,4,2.17,3.88,0,3.3,3,0,0
571,3.88,3.5,3.58,3.85,3.27,3.55,4.06,3.69,3.58,3.33,3.86,3.64,3.83,3.83,0,4,3.75,4.5,0
572,3.89,3.59,3.6,3.66,3.6,3.5,3.96,3.5,3.53,3.69,3.7,3.45,3.83,3.64,4.5,3.86,3.25,0,0
573,3.88,3.35,3.43,3.5,3.4,3.64,4,2.67,3.71,3.5,3.5,2,4,4.4,3.83,4,4,0,3
574,3.92,3.36,3.41,3.62,3.33,3.64,3.77,3.27,3.47,3.31,3.66,3.09,3.39,3.75,3.4,3.31,4,0,4.3
575,3.34,3.46,3.17,3.11,3.47,3.59,3.25,3,3.47,3.4,3.5,2.89,3.67,3.56,3.47,4,3.24,0,3.56
576,3.95,3.62,3.71,3.5,3.7,4.14,3.2,3.6,3,0,5,0,0,0,5,3.33,0,3.8,0
577,4.55,4.2,4.33,4.21,4.47,4.38,4.06,4.39,4.4,4.37,4.36,4.33,4.68,4.61,4.3,4.4,3.7,4.25,4.5
578,2.89,3.08,1.57,2.86,2.17,3.19,3.12,1.83,4,4,2.62,4,4,2,2.75,2,0,0,0
579,1.5,1.3,1,1.29,1.07,2.33,0.5,1.33,1.83,1.08,3.5,0.5,0.5,0,0,0,0,0,0
580,3.5,3.28,3.15,3.05,3.18,3.36,3.38,3.07,3.23,3.2,3.38,3,3.3,3.76,3.39,3.19,3.11,3.54,3.05
581,1.41,1.38,2.5,2.38,1.56,1.36,2.14,0.5,1.83,2.29,0.5,0.5,2.83,0.5,2.25,0.5,3.5,0.5,0
582,3.66,3.37,3.89,3.79,3.41,3.69,3.38,3.55,3.39,3.38,3,4.5,3.41,3,3.77,4.17,3,0,0
583,4.37,4,3.94,4,3.88,4,4.46,3.83,0,0,4.5,2.5,0,3.5,0,4.1,4,0,0
584,4.07,3.35,3.78,3.75,3.92,3.78,3.95,3.89,3.5,3.84,4.41,3.15,4.38,4.14,3,4,4.25,0,0
585,4.33,4.24,3.97,4.21,3.98,4.33,4.4,3.65,4.2,4.06,4.52,4.33,3.92,4.53,4.17,0,4,4,4.69
586,3.48,3.6,3.04,3.33,3.45,3.5,3.69,3.65,4.14,4,3.5,3.5,4,2.88,0,0,3,0,3.5
587,4.06,3.96,4.09,4.05,4.06,4.05,4.08,3.67,3.94,3.93,4.2,4.04,3.67,4.32,4.15,4.5,3.93,4,4.16
588,3.8,3.57,3.52,3.88,3.47,4.2,3.93,3.17,3,3,4.25,3.5,3,4.75,3,3.5,3.5,0,0
589,3.56,3.33,3.59,3.74,3.7,4.33,3.18,4,3.4,4,3.67,3,4,3,4,4,3.5,0,0
590,3.69,3.34,3.42,3.57,3.33,3.44,3.56,3.2,3.5,3.33,3.5,3,3.25,4,3.25,3.67,3.4,0,0
591,3.64,3.18,2.94,3,2.56,3.5,3.62,3.5,3.22,3.17,3,3,3.21,3.5,2.93,0,0,0,0
592,3.52,3.81,4.33,4.42,4.15,3.57,4.25,4.13,3.15,2.53,4.17,4,2.33,3.6,2,2.33,0,1,0
593,4.04,3.92,3.76,4.1,3.41,4.27,4.08,3.85,3.83,3.2,4.25,3.75,4,4,0,4,0,4,0
594,4.08,3.92,4,4.06,4.23,3.33,4.29,3.93,3.75,4.25,4.75,4,4.25,4.75,4.33,0,4,4.6,4.67
595,4.16,3.91,3.67,4.56,3.49,4.05,4.59,3.67,3.64,3.6,4.57,4,3.46,3,3.98,3.33,3.5,4,4.5
596,3.83,3.47,3.45,3.63,3.48,3.6,3.82,3.32,3.34,3.13,3.85,3.44,3.09,3.59,3,3,3.75,4.1,3.62
597,4.11,4.17,3.65,3.92,3.88,4.31,3.91,3.69,4.2,4.11,4.02,3.44,4.23,4.18,4.5,0,4.33,5,4.45
598,3.32,3.44,3.25,3.22,3.75,3.24,3.58,3.31,3.59,3.6,3.69,2.85,4.05,3.69,3.93,3.75,3.12,4.25,5
599,3.88,4.02,4.12,3.75,4.28,4.03,3.22,4.08,4.21,3.81,3.33,3.5,3.94,4.5,4.32,4.47,0,3,0
600,3.89,4.19,3.5,3.75,3.96,4,3.38,3.6,4.29,4.42,4.33,0,4.36,4.5,4.4,3.86,0,0,0
601,3.83,3,3.62,3.83,3.5,4,3.85,3.65,3.5,3.5,4.05,3.5,3.67,4,0,3.62,0,0,0
602,3.8,3.54,2.83,3.29,3.35,3.81,3.91,3.09,3.62,3.95,3.83,3.12,4.08,3.6,4.13,4.33,4,4.5,4
603,4.16,3.64,4.02,3.95,3.91,3.76,4,4.09,3.75,3.74,4,3,4.28,4.8,4.25,4.67,4,0,0
604,3.62,2.5,3.17,3.58,2.2,0,4.5,2.5,1.17,1,3.5,3.5,0,0,0,0,3.75,0,0
605,3.01,2.99,2.93,3.13,3.17,3.04,3.16,2.67,3.08,3.42,3.34,2.46,3.67,3.13,3.5,4,3.17,2.83,3.88
606,4.35,3.97,4.25,4.32,3.91,4.39,4.47,3.8,3.64,3.62,4.58,3.38,3.58,0,4,4,0,0,5
607,3.65,3.56,3.82,3.79,3.89,3.45,3.82,3.62,3.68,3.71,3.92,3.74,3.82,3.56,3.39,3.8,3.07,3.75,4.25
608,3.98,3.79,3.75,3.9,3.85,3.93,3.93,4.04,3.89,4.2,4.1,4.18,4,3.73,3.5,0,4.29,3.67,4.55
609,1.71,2.03,2,2.17,2.09,1.75,2.57,1,3.4,3,3.5,4.56,1,1.86,3,0,1,1.36,1
610,3.61,3.56,3.38,3.64,3.21,3.6,3.65,3.31,3.2,2.5,3.72,3.3,2.5,3.3,0,0,5,3,3.75
611,4.08,4.25,3.26,3.28,3.83,4.19,3.75,2.9,3.58,4,3.5,1,4,4.75,4.75,3.67,0,0,0
612,3.66,3.2,3.46,3.5,3.46,3.15,3.65,3.45,3.57,3.67,3.5,4,3.6,4.25,3.67,3.88,3.5,0,0
613,3.72,3.56,3.79,3.92,4.11,3.38,4.21,3.71,3.92,4.5,3.88,4.33,4.5,3.33,0,0,0,0,0
614,3.69,3.83,3.11,3.64,2.91,3.71,4.43,2.17,2.33,2.25,4.38,4,3,4.43,3.67,0,0,0,4.83
615,3.73,3.64,3.53,3.56,3.59,3.59,3.68,3.53,3.32,3.85,3.66,3.39,3.87,3.95,3.79,3.26,4.08,4,4.5
616,3.71,3.5,3.88,3.67,4,3.85,3.75,4,3.8,4,3,3,4,4.5,4,0,0,0,0
617,3.34,2.93,2.71,3.13,3,3.06,2.83,2.6,2.82,3.2,3.5,3.28,2.8,4.5,3.25,4,0,0,3
618,4.28,3.83,3.71,4,3.67,4.43,4.8,3.2,4,4,4.5,4.67,4,5,4,0,0,4,4
619,3.82,3.36,3.17,3.53,3.45,3.67,3.69,3,2.5,3.33,4,3.5,4,4,4,4,3.67,5,0
620,3.09,2.93,2.7,2.76,2.92,3.04,3.03,2.88,3.01,3.1,2.79,1.5,3.03,2.44,3.68,3.21,0,4,0
621,3.92,3.95,3.96,4.17,4.12,3.84,4.6,3.97,4.28,3.14,4.1,2.75,3.25,4.5,3.72,0,4.25,3.75,0
622,4.68,4.88,4.61,4.25,4.82,4.75,4.5,4.81,5,4.83,4.33,4.5,4.5,5,4.5,5,4.5,5,3
623,4.46,4.09,3.9,4.1,3.93,4.09,4.47,3.68,4.13,3.9,4.5,3,4.05,4.38,3.83,4.14,0,0,0
624,3.03,2.94,2.77,2.8,2.99,2.8,2.98,2.69,2.88,3.15,2.93,2.22,3.36,3.19,3.36,2.63,3.57,3.92,3.67
625,4.3,3.82,4.3,4.28,4.16,4.09,4.43,4.31,4.19,4.12,4.43,1.5,4.31,4.5,0,4.36,4,4.5,0
626,3.72,3.55,3.26,3.44,3.57,3.83,3.88,3.35,3.8,3.4,4.14,3.5,3.44,4,4,0,3,0,5
627,3.31,2.61,2.9,3.19,2.91,3,3.61,2.79,3.47,3.1,3.8,3.74,3.5,3.15,2.5,3.55,3,3.88,3.75
628,3.23,2.7,2.86,3.46,2.68,2.66,3.23,3.42,3,2.5,3.46,3.5,2.83,2.83,2,3.5,2.67,4,3.17
629,3.32,4.17,2.75,3.22,3.3,4,3,2.4,4,3,0,4,2.75,3.4,2.67,2.5,4.2,0,0
630,4.33,4,3.4,3.86,3.62,4.58,3.81,3.17,3.75,4,4.4,2,4,4.5,0,3.25,0,4.5,4.5
631,3.79,3.4,3.33,3.56,4,3.8,4,3.67,4,4,4.5,5,0,3.67,0,0,0,0,5
632,4.28,4.05,4.32,4.25,4.18,3.88,4.44,4.6,5,4.12,0,4.25,4.5,4.3,0,4.33,0,0,0
633,3.25,3.17,2.67,3,3,3,3.14,2.8,3.33,3.25,3,0,3,3.5,3.33,3.5,4,0,0
634,3.35,2.36,2.8,2.75,2.88,3.5,3.64,2.3,1.5,1.5,2.5,0,3,3.5,0,0,3.5,0,0
635,3.58,3.08,3,3.89,2.5,4,3.79,4,0,0,3.67,4.5,0,2.75,0,0,2.5,0,0
636,3.87,3.38,3.33,3.83,3.4,3.43,4.2,3.5,3.6,4,4,3,3,0,5,0,0,0,0
637,4.46,3.72,4.38,4.5,3.5,3.62,4.58,4.17,3.5,3,5,3.5,0,5,3,0,0,0,0
638,2.7,3.85,3,1.12,3.5,3.25,2.25,2.71,0,4,0,2,4.5,0,3.5,0,4.25,0,0
639,3.53,3.5,2.79,3.25,3.08,3.38,3.3,2.71,3.5,3.25,2.6,3.5,3,4,3,3.33,3,5,0
640,3.84,3.39,3.9,3.88,3.86,3.53,4.5,4,3.67,3.29,3,3,3.5,4,3.4,0,0,3,0
641,4.03,3.85,3.66,3.87,3.64,4.14,3.94,3.67,3.73,4,3.86,4,4,4.25,4.11,4,3,5,0
642,3.78,4.33,4.33,3,4,3.6,4.38,4.33,4,0,3.57,2,0,4,4.33,0,4,5,4.25
643,4.5,2.07,3.27,3.4,4.12,2,3.5,4.83,3.25,0,5,0,0,2,0,4.75,0,0,0
644,4.12,3.75,3,5,3,4,4,3.25,3.67,3,4,3.2,3.33,5,4,0,0,0,0
645,3.73,3.62,4.12,3.71,3.8,3.3,4.5,3.9,3.67,3.4,3.5,4,3.25,3.5,3.25,0,3.5,0,3.5
646,4.37,4.11,3.95,4.16,4.18,4.03,4.44,4.16,4.14,4.23,4.33,3.78,4.36,4.5,4.29,5,3.83,0,0
647,4.37,4.3,3.88,4.02,3.83,4.57,4.22,4,4.5,4.75,4.2,4.25,4.67,4,4.5,0,4.33,5,4.44
648,3.79,3.77,3.26,3.38,3.21,3.63,3.94,2.58,3.19,3,3.27,1.5,3.23,3.71,2.64,2.75,3.33,3.75,4
649,3.64,3.45,3.32,3.83,3.06,3.46,3.69,2.45,3.5,3.29,3.17,3.5,3.2,3.4,3.4,3.33,3,0,0
650,3.47,2.71,3.42,3.5,3.62,3.33,3,3.67,0,0,3,3,0,0,0,0,0,0,0
651,3.67,3.6,4.67,0,4.5,3.67,4,4.67,4,4,0,4,5,4,4,0,0,0,0
652,4.22,4.26,4.1,4.11,4.21,4.27,3.98,4.23,4.15,4.23,4.21,4,4.27,4.33,4.05,3.88,0,0,4
653,4.08,4.07,4.4,3.4,4.12,4.25,1,4.6,4,3.83,3.33,5,4.71,4,4.5,4.67,3.5,0,0
654,4.16,4.02,3.97,4.07,4.07,3.98,4.16,3.97,4.17,4.22,4.26,3.95,4.25,4.16,4.15,4.6,4.3,4,4.5
655,3.56,4.18,4.09,4.02,4.2,4.21,4.17,3.67,4.4,4.19,4,4.17,4.25,5,4.2,3.88,4,0,4.5
656,4.55,4.53,4.65,4.32,4.41,4.47,4.46,4.55,4.67,4.73,4.79,4.25,4.6,4.75,4.83,0,4,0,5
657,3.9,3.33,2.86,3.64,3.14,3,3.57,3.33,3,3,3,4.5,3,3.5,3,3.5,4,0,0
658,4.42,4.4,4.5,4,4.57,4.47,4.22,4,4.25,4.33,4,4,4.67,4.7,4.67,4.33,4,0,4
659,3.55,3.33,3.23,3.24,3.57,3.41,3.39,3.26,3,3.4,3.29,3.33,4,3.5,4,5,3,4,0
660,4.24,4.09,4.27,4.05,4.18,4.17,3.93,4.19,4.2,4.17,4.36,0.5,4.24,4,4.5,4.29,5,0,0
661,4.02,3.46,4,3.33,4,3.75,4.25,4.33,5,4,4.5,0,4,4.5,0,0,0,0,0
662,3.79,3.35,2.83,3.05,3.2,3.44,3.14,3,4,4,3,0,3.67,4.67,3.67,3.67,3,0,0
663,3.69,3.79,3.73,3.69,3.88,3.5,4,3.81,4,4.25,3.5,4,4.33,4,0,0,0,0,0
664,3.85,3.71,3.77,3.81,3.8,3.7,3.87,3.81,3.79,3.63,3.96,3.65,3.78,3.66,3.5,3.81,4.17,4,3.83
665,3.37,3.2,3.34,3.18,3.45,3.28,3.41,3.36,3.5,3.54,3.21,2.77,3.72,3.62,3.83,4.67,3.22,0,0
666,3.14,2.71,2.85,3.07,3.1,2.4,3.12,2.8,2,2.67,0,3,2.5,3.33,2.5,3,4,5,0
667,3.71,3.88,3.27,3.5,3.57,3.26,3.67,4.25,4,4,4,0,4,3.83,3.67,4,3,0,0
668,4.31,3.44,3.5,4.5,3,5,4.57,0,4,3,3,5,3,4.5,0,0,0,0,0
669,3.42,3.4,3.78,3.08,3.8,3.25,3.75,2.88,3,0,3.67,2.57,0,0,0,0,5,0,5
670,3.76,3.86,3.6,3.9,3.4,3.71,4,3.75,3.33,4,3.75,5,4,4.33,0,3,1,0,1.5
671,3.78,3.81,4,4.05,4.09,3.87,4.05,4.04,4.41,4.33,4.25,4,4.25,3.86,4.25,4,3.5,4,0
